age,height,sex,days_to_goal,activity_level,experience,Exercise
56,178,female,108,4,4,"Hammer Curls, Chest Flyes, Seated Rows, Overhead Press, 3 sets (10-8-6 reps)"
35,178,male,109,1,1,"Hammer Curls, Chest Flyes, Seated Rows, Overhead Press, 3 sets (10-8-6 reps)"
43,172,male,143,4,5,"Hammer Curls, Chest Flyes, Seated Rows, Overhead Press, 3 sets (10-8-6 reps)"
25,185,male,130,4,3,"Hammer Curls, Chest Flyes, Seated Rows, Overhead Press, 3 sets (10-8-6 reps)"
57,170,male,139,2,3,"Hammer Curls, Chest Flyes, Seated Rows, Overhead Press, 3 sets (10-8-6 reps)"
51,187,male,158,2,2,"Hammer Curls, Chest Flyes, Seated Rows, Overhead Press, 3 sets (10-8-6 reps)"
24,169,male,163,3,5,"Hammer Curls, Chest Flyes, Seated Rows, Overhead Press, 3 sets (10-8-6 reps)"
41,171,male,150,1,3,"Hammer Curls, Chest Flyes, Seated Rows, Overhead Press, 3 sets (10-8-6 reps)"
31,159,male,116,1,1,"Hammer Curls, Chest Flyes, Seated Rows, Overhead Press, 3 sets (10-8-6 reps)"
22,183,male,33,3,3,"Hammer Curls, Chest Flyes, Seated Rows, Overhead Press, 3 sets (10-8-6 reps)"
20,150,male,153,3,2,"Hammer Curls, Chest Flyes, Seated Rows, Overhead Press, 3 sets (10-8-6 reps)"
54,163,female,156,4,2,"Hammer Curls, Chest Flyes, Seated Rows, Overhead Press, 3 sets (10-8-6 reps)"
34,172,male,49,2,4,"Hammer Curls, Chest Flyes, Seated Rows, Overhead Press, 3 sets (10-8-6 reps)"
24,161,female,161,3,5,"Hammer Curls, Chest Flyes, Seated Rows, Overhead Press, 3 sets (10-8-6 reps)"
58,169,female,171,1,1,"Hammer Curls, Chest Flyes, Seated Rows, Overhead Press, 3 sets (10-8-6 reps)"
31,173,male,88,4,2,"Hammer Curls, Chest Flyes, Seated Rows, Overhead Press, 3 sets (10-8-6 reps)"
51,175,female,41,4,5,"Hammer Curls, Chest Flyes, Seated Rows, Overhead Press, 3 sets (10-8-6 reps)"
50,166,female,120,2,4,"Hammer Curls, Chest Flyes, Seated Rows, Overhead Press, 3 sets (10-8-6 reps)"
49,188,female,104,2,1,"Hammer Curls, Chest Flyes, Seated Rows, Overhead Press, 3 sets (10-8-6 reps)"
39,186,female,147,4,1,"Hammer Curls, Chest Flyes, Seated Rows, Overhead Press, 3 sets (10-8-6 reps)"
47,188,male,168,3,3,"Hammer Curls, Chest Flyes, Seated Rows, Overhead Press, 3 sets (10-8-6 reps)"
59,174,male,98,4,3,"Hammer Curls, Chest Flyes, Seated Rows, Overhead Press, 3 sets (10-8-6 reps)"
43,175,male,98,3,2,"Hammer Curls, Chest Flyes, Seated Rows, Overhead Press, 3 sets (10-8-6 reps)"
33,152,male,174,3,4,"Hammer Curls, Chest Flyes, Seated Rows, Overhead Press, 3 sets (10-8-6 reps)"
18,168,male,114,1,5,"Hammer Curls, Chest Flyes, Seated Rows, Overhead Press, 3 sets (10-8-6 reps)"
50,165,male,37,2,4,"Hammer Curls, Chest Flyes, Seated Rows, Overhead Press, 3 sets (10-8-6 reps)"
43,180,female,40,2,4,"Hammer Curls, Chest Flyes, Seated Rows, Overhead Press, 3 sets (10-8-6 reps)"
27,179,male,178,4,4,"Hammer Curls, Chest Flyes, Seated Rows, Overhead Press, 3 sets (10-8-6 reps)"
24,185,male,75,5,2,"Hammer Curls, Chest Flyes, Seated Rows, Overhead Press, 3 sets (10-8-6 reps)"
28,163,male,99,3,5,"Hammer Curls, Chest Flyes, Seated Rows, Overhead Press, 3 sets (10-8-6 reps)"
54,162,male,125,3,3,"Hammer Curls, Chest Flyes, Seated Rows, Overhead Press, 3 sets (10-8-6 reps)"
53,183,male,111,2,3,"Hammer Curls, Chest Flyes, Seated Rows, Overhead Press, 3 sets (10-8-6 reps)"
59,164,female,164,3,5,"Hammer Curls, Chest Flyes, Seated Rows, Overhead Press, 3 sets (10-8-6 reps)"
44,183,female,173,4,3,"Hammer Curls, Chest Flyes, Seated Rows, Overhead Press, 3 sets (10-8-6 reps)"
36,185,female,39,3,1,"Hammer Curls, Chest Flyes, Seated Rows, Overhead Press, 3 sets (10-8-6 reps)"
45,166,female,125,1,3,"Hammer Curls, Chest Flyes, Seated Rows, Overhead Press, 3 sets (10-8-6 reps)"
56,167,male,36,4,2,"Hammer Curls, Chest Flyes, Seated Rows, Overhead Press, 3 sets (10-8-6 reps)"
20,186,male,32,4,3,"Hammer Curls, Chest Flyes, Seated Rows, Overhead Press, 3 sets (10-8-6 reps)"
32,182,female,50,3,5,"Hammer Curls, Chest Flyes, Seated Rows, Overhead Press, 3 sets (10-8-6 reps)"
40,151,female,163,1,5,"Hammer Curls, Chest Flyes, Seated Rows, Overhead Press, 3 sets (10-8-6 reps)"
35,189,female,133,5,3,"Hammer Curls, Chest Flyes, Seated Rows, Overhead Press, 3 sets (10-8-6 reps)"
59,185,female,108,3,2,"Hammer Curls, Chest Flyes, Seated Rows, Overhead Press, 3 sets (10-8-6 reps)"
58,163,female,148,1,5,"Hammer Curls, Chest Flyes, Seated Rows, Overhead Press, 3 sets (10-8-6 reps)"
23,179,male,119,5,1,"Hammer Curls, Chest Flyes, Seated Rows, Overhead Press, 3 sets (10-8-6 reps)"
28,150,male,137,2,3,"Hammer Curls, Chest Flyes, Seated Rows, Overhead Press, 3 sets (10-8-6 reps)"
18,164,female,122,3,4,"Hammer Curls, Chest Flyes, Seated Rows, Overhead Press, 3 sets (10-8-6 reps)"
28,170,male,63,4,1,"Hammer Curls, Chest Flyes, Seated Rows, Overhead Press, 3 sets (10-8-6 reps)"
55,178,female,87,3,5,"Hammer Curls, Chest Flyes, Seated Rows, Overhead Press, 3 sets (10-8-6 reps)"
31,153,female,55,3,3,"Hammer Curls, Chest Flyes, Seated Rows, Overhead Press, 3 sets (10-8-6 reps)"
46,177,male,124,1,2,"Hammer Curls, Chest Flyes, Seated Rows, Overhead Press, 3 sets (10-8-6 reps)"
46,153,female,145,5,4,"Lunges, Leg Press, Rows, Bench Press, 3 sets (10-8-6 reps)"
38,175,male,41,1,5,"Lunges, Leg Press, Rows, Bench Press, 3 sets (10-8-6 reps)"
45,161,male,166,2,4,"Lunges, Leg Press, Rows, Bench Press, 3 sets (10-8-6 reps)"
24,175,female,37,1,5,"Lunges, Leg Press, Rows, Bench Press, 3 sets (10-8-6 reps)"
57,174,male,157,1,5,"Lunges, Leg Press, Rows, Bench Press, 3 sets (10-8-6 reps)"
59,169,male,38,4,3,"Lunges, Leg Press, Rows, Bench Press, 3 sets (10-8-6 reps)"
41,158,female,171,3,4,"Lunges, Leg Press, Rows, Bench Press, 3 sets (10-8-6 reps)"
28,150,male,115,3,3,"Lunges, Leg Press, Rows, Bench Press, 3 sets (10-8-6 reps)"
33,188,female,41,1,5,"Lunges, Leg Press, Rows, Bench Press, 3 sets (10-8-6 reps)"
25,189,female,177,3,2,"Lunges, Leg Press, Rows, Bench Press, 3 sets (10-8-6 reps)"
53,166,male,153,2,4,"Lunges, Leg Press, Rows, Bench Press, 3 sets (10-8-6 reps)"
42,188,female,91,3,2,"Lunges, Leg Press, Rows, Bench Press, 3 sets (10-8-6 reps)"
46,186,female,83,2,3,"Lunges, Leg Press, Rows, Bench Press, 3 sets (10-8-6 reps)"
54,178,male,151,2,5,"Lunges, Leg Press, Rows, Bench Press, 3 sets (10-8-6 reps)"
33,166,female,88,2,1,"Lunges, Leg Press, Rows, Bench Press, 3 sets (10-8-6 reps)"
21,162,male,73,1,4,"Lunges, Leg Press, Rows, Bench Press, 3 sets (10-8-6 reps)"
46,159,male,76,5,5,"Lunges, Leg Press, Rows, Bench Press, 3 sets (10-8-6 reps)"
46,178,male,172,4,5,"Lunges, Leg Press, Rows, Bench Press, 3 sets (10-8-6 reps)"
19,171,male,33,5,2,"Lunges, Leg Press, Rows, Bench Press, 3 sets (10-8-6 reps)"
45,157,male,155,1,3,"Lunges, Leg Press, Rows, Bench Press, 3 sets (10-8-6 reps)"
52,169,male,103,3,3,"Lunges, Leg Press, Rows, Bench Press, 3 sets (10-8-6 reps)"
34,182,male,151,3,4,"Lunges, Leg Press, Rows, Bench Press, 3 sets (10-8-6 reps)"
22,157,female,113,2,5,"Lunges, Leg Press, Rows, Bench Press, 3 sets (10-8-6 reps)"
28,163,male,56,5,1,"Lunges, Leg Press, Rows, Bench Press, 3 sets (10-8-6 reps)"
48,154,male,62,3,4,"Lunges, Leg Press, Rows, Bench Press, 3 sets (10-8-6 reps)"
31,163,male,78,4,2,"Lunges, Leg Press, Rows, Bench Press, 3 sets (10-8-6 reps)"
27,160,female,128,3,5,"Lunges, Leg Press, Rows, Bench Press, 3 sets (10-8-6 reps)"
28,185,male,178,3,2,"Lunges, Leg Press, Rows, Bench Press, 3 sets (10-8-6 reps)"
35,165,female,172,2,4,"Lunges, Leg Press, Rows, Bench Press, 3 sets (10-8-6 reps)"
31,180,male,56,3,3,"Lunges, Leg Press, Rows, Bench Press, 3 sets (10-8-6 reps)"
23,153,male,33,2,1,"Lunges, Leg Press, Rows, Bench Press, 3 sets (10-8-6 reps)"
44,164,male,99,2,5,"Lunges, Leg Press, Rows, Bench Press, 3 sets (10-8-6 reps)"
46,173,female,86,2,1,"Lunges, Leg Press, Rows, Bench Press, 3 sets (10-8-6 reps)"
32,161,female,121,5,1,"Chest Flyes, Russian Twists, Leg Press, 4 sets (12-10-8-6 reps)"
54,186,female,71,5,4,"Chest Flyes, Russian Twists, Leg Press, 4 sets (12-10-8-6 reps)"
34,189,female,130,1,5,"Chest Flyes, Russian Twists, Leg Press, 4 sets (12-10-8-6 reps)"
40,173,female,88,1,2,"Chest Flyes, Russian Twists, Leg Press, 4 sets (12-10-8-6 reps)"
29,167,female,98,5,5,"Chest Flyes, Russian Twists, Leg Press, 4 sets (12-10-8-6 reps)"
53,173,male,171,4,2,"Chest Flyes, Russian Twists, Leg Press, 4 sets (12-10-8-6 reps)"
56,171,male,70,1,2,"Chest Flyes, Russian Twists, Leg Press, 4 sets (12-10-8-6 reps)"
54,159,male,31,3,1,"Chest Flyes, Russian Twists, Leg Press, 4 sets (12-10-8-6 reps)"
40,166,male,149,5,3,"Chest Flyes, Russian Twists, Leg Press, 4 sets (12-10-8-6 reps)"
26,186,male,105,4,2,"Chest Flyes, Russian Twists, Leg Press, 4 sets (12-10-8-6 reps)"
48,170,male,101,3,3,"Chest Flyes, Russian Twists, Leg Press, 4 sets (12-10-8-6 reps)"
55,150,male,126,2,4,"Chest Flyes, Russian Twists, Leg Press, 4 sets (12-10-8-6 reps)"
50,165,female,84,4,1,"Chest Flyes, Russian Twists, Leg Press, 4 sets (12-10-8-6 reps)"
25,165,female,102,3,2,"Chest Flyes, Russian Twists, Leg Press, 4 sets (12-10-8-6 reps)"
54,158,female,36,2,1,"Chest Flyes, Russian Twists, Leg Press, 4 sets (12-10-8-6 reps)"
42,169,female,80,2,2,"Chest Flyes, Russian Twists, Leg Press, 4 sets (12-10-8-6 reps)"
45,189,female,121,4,5,"Chest Flyes, Russian Twists, Leg Press, 4 sets (12-10-8-6 reps)"
40,177,male,110,2,4,"Chest Flyes, Russian Twists, Leg Press, 4 sets (12-10-8-6 reps)"
37,176,female,149,2,4,"Chest Flyes, Russian Twists, Leg Press, 4 sets (12-10-8-6 reps)"
50,178,male,50,3,5,"Chest Flyes, Russian Twists, Leg Press, 4 sets (12-10-8-6 reps)"
58,171,female,177,1,4,"Chest Flyes, Russian Twists, Leg Press, 4 sets (12-10-8-6 reps)"
53,165,male,79,3,1,"Chest Flyes, Russian Twists, Leg Press, 4 sets (12-10-8-6 reps)"
28,164,male,167,1,2,"Chest Flyes, Russian Twists, Leg Press, 4 sets (12-10-8-6 reps)"
45,157,male,66,1,3,"Chest Flyes, Russian Twists, Leg Press, 4 sets (12-10-8-6 reps)"
22,169,female,174,3,2,"Chest Flyes, Russian Twists, Leg Press, 4 sets (12-10-8-6 reps)"
47,159,female,57,2,1,"Chest Flyes, Russian Twists, Leg Press, 4 sets (12-10-8-6 reps)"
47,184,female,83,1,2,"Chest Flyes, Russian Twists, Leg Press, 4 sets (12-10-8-6 reps)"
50,151,female,110,4,2,"Chest Flyes, Russian Twists, Leg Press, 4 sets (12-10-8-6 reps)"
27,189,male,145,4,4,"Chest Flyes, Russian Twists, Leg Press, 4 sets (12-10-8-6 reps)"
34,172,male,75,5,3,"Chest Flyes, Russian Twists, Leg Press, 4 sets (12-10-8-6 reps)"
58,175,female,77,1,5,"Chest Flyes, Russian Twists, Leg Press, 4 sets (12-10-8-6 reps)"
32,168,female,115,5,5,"Chest Flyes, Russian Twists, Leg Press, 4 sets (12-10-8-6 reps)"
21,160,female,95,2,5,"Chest Flyes, Russian Twists, Leg Press, 4 sets (12-10-8-6 reps)"
55,156,female,39,4,5,"Chest Flyes, Russian Twists, Leg Press, 4 sets (12-10-8-6 reps)"
30,157,male,132,2,3,"Chest Flyes, Russian Twists, Leg Press, 4 sets (12-10-8-6 reps)"
52,175,male,138,3,5,"Chest Flyes, Russian Twists, Leg Press, 4 sets (12-10-8-6 reps)"
54,165,male,132,2,2,"Chest Flyes, Russian Twists, Leg Press, 4 sets (12-10-8-6 reps)"
25,151,female,43,1,1,"Rows, Pull-Ups, Planks, 3 sets (10-8-6 reps)"
56,180,male,87,2,3,"Rows, Pull-Ups, Planks, 3 sets (10-8-6 reps)"
41,182,male,160,1,4,"Rows, Pull-Ups, Planks, 3 sets (10-8-6 reps)"
32,170,female,162,3,1,"Rows, Pull-Ups, Planks, 3 sets (10-8-6 reps)"
59,179,male,111,3,5,"Rows, Pull-Ups, Planks, 3 sets (10-8-6 reps)"
19,173,female,97,1,2,"Rows, Pull-Ups, Planks, 3 sets (10-8-6 reps)"
43,158,female,40,5,1,"Rows, Pull-Ups, Planks, 3 sets (10-8-6 reps)"
49,171,male,93,3,1,"Rows, Pull-Ups, Planks, 3 sets (10-8-6 reps)"
49,175,male,178,5,5,"Rows, Pull-Ups, Planks, 3 sets (10-8-6 reps)"
41,160,male,166,5,5,"Rows, Pull-Ups, Planks, 3 sets (10-8-6 reps)"
51,167,male,64,1,2,"Rows, Pull-Ups, Planks, 3 sets (10-8-6 reps)"
37,171,male,55,1,2,"Rows, Pull-Ups, Planks, 3 sets (10-8-6 reps)"
50,184,male,134,5,4,"Rows, Pull-Ups, Planks, 3 sets (10-8-6 reps)"
42,167,female,67,2,5,"Rows, Pull-Ups, Planks, 3 sets (10-8-6 reps)"
49,152,male,52,1,5,"Rows, Pull-Ups, Planks, 3 sets (10-8-6 reps)"
36,153,male,145,1,3,"Rows, Pull-Ups, Planks, 3 sets (10-8-6 reps)"
50,189,female,170,1,4,"Rows, Pull-Ups, Planks, 3 sets (10-8-6 reps)"
37,152,female,170,5,2,"Rows, Pull-Ups, Planks, 3 sets (10-8-6 reps)"
30,162,female,130,1,5,"Rows, Pull-Ups, Planks, 3 sets (10-8-6 reps)"
52,187,female,120,1,4,"Rows, Pull-Ups, Planks, 3 sets (10-8-6 reps)"
53,151,male,137,4,1,"Rows, Pull-Ups, Planks, 3 sets (10-8-6 reps)"
58,161,female,122,4,1,"Rows, Pull-Ups, Planks, 3 sets (10-8-6 reps)"
48,167,male,50,5,4,"Rows, Pull-Ups, Planks, 3 sets (10-8-6 reps)"
33,182,female,100,5,4,"Rows, Pull-Ups, Planks, 3 sets (10-8-6 reps)"
49,169,female,48,3,1,"Rows, Pull-Ups, Planks, 3 sets (10-8-6 reps)"
54,156,male,52,3,4,"Rows, Pull-Ups, Planks, 3 sets (10-8-6 reps)"
53,166,female,61,5,4,"Rows, Pull-Ups, Planks, 3 sets (10-8-6 reps)"
43,168,male,65,2,5,"Rows, Pull-Ups, Planks, 3 sets (10-8-6 reps)"
23,179,male,45,5,4,"Rows, Pull-Ups, Planks, 3 sets (10-8-6 reps)"
33,163,female,36,4,3,"Rows, Pull-Ups, Planks, 3 sets (10-8-6 reps)"
22,187,male,146,1,2,"Rows, Pull-Ups, Planks, 3 sets (10-8-6 reps)"
29,164,male,162,2,5,"Rows, Pull-Ups, Planks, 3 sets (10-8-6 reps)"
56,158,male,83,1,5,"Rows, Pull-Ups, Planks, 3 sets (10-8-6 reps)"
27,168,female,76,3,5,"Rows, Pull-Ups, Planks, 3 sets (10-8-6 reps)"
48,168,male,79,1,2,"Rows, Pull-Ups, Planks, 3 sets (10-8-6 reps)"
38,176,male,154,3,2,"Seated Rows, Leg Extensions, Chest Flyes, Side Planks, 4 sets (12-10-8-6 reps)"
31,150,male,136,1,5,"Seated Rows, Leg Extensions, Chest Flyes, Side Planks, 4 sets (12-10-8-6 reps)"
32,183,male,42,3,4,"Seated Rows, Leg Extensions, Chest Flyes, Side Planks, 4 sets (12-10-8-6 reps)"
26,189,female,179,1,3,"Seated Rows, Leg Extensions, Chest Flyes, Side Planks, 4 sets (12-10-8-6 reps)"
54,181,female,30,2,1,"Seated Rows, Leg Extensions, Chest Flyes, Side Planks, 4 sets (12-10-8-6 reps)"
54,172,female,90,4,4,"Seated Rows, Leg Extensions, Chest Flyes, Side Planks, 4 sets (12-10-8-6 reps)"
49,158,female,45,1,3,"Seated Rows, Leg Extensions, Chest Flyes, Side Planks, 4 sets (12-10-8-6 reps)"
50,189,male,91,3,3,"Seated Rows, Leg Extensions, Chest Flyes, Side Planks, 4 sets (12-10-8-6 reps)"
19,188,female,64,2,4,"Seated Rows, Leg Extensions, Chest Flyes, Side Planks, 4 sets (12-10-8-6 reps)"
21,178,male,98,3,3,"Seated Rows, Leg Extensions, Chest Flyes, Side Planks, 4 sets (12-10-8-6 reps)"
36,176,female,80,2,1,"Seated Rows, Leg Extensions, Chest Flyes, Side Planks, 4 sets (12-10-8-6 reps)"
19,184,female,56,2,2,"Seated Rows, Leg Extensions, Chest Flyes, Side Planks, 4 sets (12-10-8-6 reps)"
24,170,male,40,1,4,"Seated Rows, Leg Extensions, Chest Flyes, Side Planks, 4 sets (12-10-8-6 reps)"
55,167,female,137,3,5,"Seated Rows, Leg Extensions, Chest Flyes, Side Planks, 4 sets (12-10-8-6 reps)"
22,172,male,116,3,5,"Seated Rows, Leg Extensions, Chest Flyes, Side Planks, 4 sets (12-10-8-6 reps)"
46,156,male,176,4,4,"Seated Rows, Leg Extensions, Chest Flyes, Side Planks, 4 sets (12-10-8-6 reps)"
38,167,male,80,1,4,"Seated Rows, Leg Extensions, Chest Flyes, Side Planks, 4 sets (12-10-8-6 reps)"
41,175,female,146,5,5,"Seated Rows, Leg Extensions, Chest Flyes, Side Planks, 4 sets (12-10-8-6 reps)"
26,151,male,74,1,2,"Seated Rows, Leg Extensions, Chest Flyes, Side Planks, 4 sets (12-10-8-6 reps)"
49,155,male,155,2,4,"Seated Rows, Leg Extensions, Chest Flyes, Side Planks, 4 sets (12-10-8-6 reps)"
51,158,female,33,3,1,"Seated Rows, Leg Extensions, Chest Flyes, Side Planks, 4 sets (12-10-8-6 reps)"
18,155,male,156,4,4,"Seated Rows, Leg Extensions, Chest Flyes, Side Planks, 4 sets (12-10-8-6 reps)"
50,162,female,128,5,5,"Seated Rows, Leg Extensions, Chest Flyes, Side Planks, 4 sets (12-10-8-6 reps)"
41,168,male,138,4,1,"Seated Rows, Leg Extensions, Chest Flyes, Side Planks, 4 sets (12-10-8-6 reps)"
22,161,male,86,2,1,"Seated Rows, Leg Extensions, Chest Flyes, Side Planks, 4 sets (12-10-8-6 reps)"
38,156,male,37,4,5,"Seated Rows, Leg Extensions, Chest Flyes, Side Planks, 4 sets (12-10-8-6 reps)"
24,169,male,112,5,4,"Seated Rows, Leg Extensions, Chest Flyes, Side Planks, 4 sets (12-10-8-6 reps)"
56,164,female,153,1,3,"Seated Rows, Leg Extensions, Chest Flyes, Side Planks, 4 sets (12-10-8-6 reps)"
20,167,male,63,3,1,"Seated Rows, Leg Extensions, Chest Flyes, Side Planks, 4 sets (12-10-8-6 reps)"
58,166,female,56,5,4,"Seated Rows, Leg Extensions, Chest Flyes, Side Planks, 4 sets (12-10-8-6 reps)"
42,152,female,42,5,3,"Seated Rows, Leg Extensions, Chest Flyes, Side Planks, 4 sets (12-10-8-6 reps)"
40,157,female,59,3,2,"Seated Rows, Leg Extensions, Chest Flyes, Side Planks, 4 sets (12-10-8-6 reps)"
51,183,male,53,4,3,"Seated Rows, Leg Extensions, Chest Flyes, Side Planks, 4 sets (12-10-8-6 reps)"
40,169,male,94,4,1,"Seated Rows, Leg Extensions, Chest Flyes, Side Planks, 4 sets (12-10-8-6 reps)"
53,178,male,79,5,1,"Seated Rows, Leg Extensions, Chest Flyes, Side Planks, 4 sets (12-10-8-6 reps)"
36,183,male,97,3,2,"Seated Rows, Leg Extensions, Chest Flyes, Side Planks, 4 sets (12-10-8-6 reps)"
20,154,male,127,1,5,"Seated Rows, Leg Extensions, Chest Flyes, Side Planks, 4 sets (12-10-8-6 reps)"
47,187,male,117,1,4,"Seated Rows, Leg Extensions, Chest Flyes, Side Planks, 4 sets (12-10-8-6 reps)"
27,184,female,177,1,3,"Seated Rows, Leg Extensions, Chest Flyes, Side Planks, 4 sets (12-10-8-6 reps)"
37,151,male,46,1,2,"Seated Rows, Leg Extensions, Chest Flyes, Side Planks, 4 sets (12-10-8-6 reps)"
54,152,female,145,1,3,"Seated Rows, Leg Extensions, Chest Flyes, Side Planks, 4 sets (12-10-8-6 reps)"
25,174,female,85,3,1,"Seated Rows, Leg Extensions, Chest Flyes, Side Planks, 4 sets (12-10-8-6 reps)"
42,177,male,52,3,3,"Seated Rows, Leg Extensions, Chest Flyes, Side Planks, 4 sets (12-10-8-6 reps)"
50,188,male,140,4,5,"Seated Rows, Leg Extensions, Chest Flyes, Side Planks, 4 sets (12-10-8-6 reps)"
19,173,male,115,5,4,"Seated Rows, Leg Extensions, Chest Flyes, Side Planks, 4 sets (12-10-8-6 reps)"
36,185,female,57,2,2,"Squats, Lat Pulldowns, Hammer Curls, Bicep Curls, 4 sets (12-10-8-6 reps)"
38,177,female,41,1,3,"Squats, Lat Pulldowns, Hammer Curls, Bicep Curls, 4 sets (12-10-8-6 reps)"
23,159,male,166,2,4,"Squats, Lat Pulldowns, Hammer Curls, Bicep Curls, 4 sets (12-10-8-6 reps)"
39,150,male,45,1,4,"Squats, Lat Pulldowns, Hammer Curls, Bicep Curls, 4 sets (12-10-8-6 reps)"
32,157,female,75,5,4,"Squats, Lat Pulldowns, Hammer Curls, Bicep Curls, 4 sets (12-10-8-6 reps)"
28,187,female,74,4,4,"Squats, Lat Pulldowns, Hammer Curls, Bicep Curls, 4 sets (12-10-8-6 reps)"
20,172,male,176,4,1,"Squats, Lat Pulldowns, Hammer Curls, Bicep Curls, 4 sets (12-10-8-6 reps)"
20,155,male,50,2,4,"Squats, Lat Pulldowns, Hammer Curls, Bicep Curls, 4 sets (12-10-8-6 reps)"
57,177,female,105,4,1,"Squats, Lat Pulldowns, Hammer Curls, Bicep Curls, 4 sets (12-10-8-6 reps)"
52,168,male,64,5,3,"Squats, Lat Pulldowns, Hammer Curls, Bicep Curls, 4 sets (12-10-8-6 reps)"
37,158,male,78,5,3,"Squats, Lat Pulldowns, Hammer Curls, Bicep Curls, 4 sets (12-10-8-6 reps)"
19,183,male,117,3,5,"Squats, Lat Pulldowns, Hammer Curls, Bicep Curls, 4 sets (12-10-8-6 reps)"
50,165,female,80,1,5,"Squats, Lat Pulldowns, Hammer Curls, Bicep Curls, 4 sets (12-10-8-6 reps)"
45,156,female,37,2,3,"Squats, Lat Pulldowns, Hammer Curls, Bicep Curls, 4 sets (12-10-8-6 reps)"
35,173,male,147,3,1,"Squats, Lat Pulldowns, Hammer Curls, Bicep Curls, 4 sets (12-10-8-6 reps)"
56,161,male,177,1,2,"Squats, Lat Pulldowns, Hammer Curls, Bicep Curls, 4 sets (12-10-8-6 reps)"
18,154,female,104,1,4,"Squats, Lat Pulldowns, Hammer Curls, Bicep Curls, 4 sets (12-10-8-6 reps)"
47,174,male,138,3,4,"Squats, Lat Pulldowns, Hammer Curls, Bicep Curls, 4 sets (12-10-8-6 reps)"
36,175,female,80,4,2,"Squats, Lat Pulldowns, Hammer Curls, Bicep Curls, 4 sets (12-10-8-6 reps)"
43,181,male,169,5,5,"Squats, Lat Pulldowns, Hammer Curls, Bicep Curls, 4 sets (12-10-8-6 reps)"
26,176,female,99,2,1,"Squats, Lat Pulldowns, Hammer Curls, Bicep Curls, 4 sets (12-10-8-6 reps)"
37,153,female,67,1,3,"Squats, Lat Pulldowns, Hammer Curls, Bicep Curls, 4 sets (12-10-8-6 reps)"
29,184,female,48,5,4,"Squats, Lat Pulldowns, Hammer Curls, Bicep Curls, 4 sets (12-10-8-6 reps)"
46,176,female,104,5,2,"Squats, Lat Pulldowns, Hammer Curls, Bicep Curls, 4 sets (12-10-8-6 reps)"
27,179,male,37,3,3,"Squats, Lat Pulldowns, Hammer Curls, Bicep Curls, 4 sets (12-10-8-6 reps)"
20,165,female,57,4,3,"Squats, Lat Pulldowns, Hammer Curls, Bicep Curls, 4 sets (12-10-8-6 reps)"
18,161,female,159,4,4,"Squats, Lat Pulldowns, Hammer Curls, Bicep Curls, 4 sets (12-10-8-6 reps)"
45,181,female,116,5,1,"Squats, Lat Pulldowns, Hammer Curls, Bicep Curls, 4 sets (12-10-8-6 reps)"
22,177,male,178,5,5,"Squats, Lat Pulldowns, Hammer Curls, Bicep Curls, 4 sets (12-10-8-6 reps)"
31,179,male,78,3,1,"Squats, Lat Pulldowns, Hammer Curls, Bicep Curls, 4 sets (12-10-8-6 reps)"
51,186,male,73,4,3,"Squats, Lat Pulldowns, Hammer Curls, Bicep Curls, 4 sets (12-10-8-6 reps)"
43,159,male,85,5,3,"Squats, Lat Pulldowns, Hammer Curls, Bicep Curls, 4 sets (12-10-8-6 reps)"
52,186,male,74,2,1,"Squats, Lat Pulldowns, Hammer Curls, Bicep Curls, 4 sets (12-10-8-6 reps)"
19,158,male,131,4,1,"Squats, Lat Pulldowns, Hammer Curls, Bicep Curls, 4 sets (12-10-8-6 reps)"
20,178,female,143,4,1,"Squats, Lat Pulldowns, Hammer Curls, Bicep Curls, 4 sets (12-10-8-6 reps)"
45,161,female,151,3,5,"Squats, Lat Pulldowns, Hammer Curls, Bicep Curls, 4 sets (12-10-8-6 reps)"
43,150,female,137,4,5,"Squats, Lat Pulldowns, Hammer Curls, Bicep Curls, 4 sets (12-10-8-6 reps)"
23,181,male,96,4,5,"Squats, Lat Pulldowns, Hammer Curls, Bicep Curls, 4 sets (12-10-8-6 reps)"
19,184,male,142,3,1,"Squats, Lat Pulldowns, Hammer Curls, Bicep Curls, 4 sets (12-10-8-6 reps)"
22,154,female,116,1,2,"Squats, Lat Pulldowns, Hammer Curls, Bicep Curls, 4 sets (12-10-8-6 reps)"
36,163,male,69,3,3,"Squats, Lat Pulldowns, Hammer Curls, Bicep Curls, 4 sets (12-10-8-6 reps)"
50,156,male,151,4,2,"Squats, Lat Pulldowns, Hammer Curls, Bicep Curls, 4 sets (12-10-8-6 reps)"
56,169,male,53,2,1,"Squats, Lat Pulldowns, Hammer Curls, Bicep Curls, 4 sets (12-10-8-6 reps)"
40,185,female,55,3,5,"Calf Raises, Push-Ups, Squats, Leg Curls, 3 sets (10-8-6 reps)"
41,154,female,160,1,1,"Calf Raises, Push-Ups, Squats, Leg Curls, 3 sets (10-8-6 reps)"
29,189,female,37,1,2,"Calf Raises, Push-Ups, Squats, Leg Curls, 3 sets (10-8-6 reps)"
44,182,male,101,1,3,"Calf Raises, Push-Ups, Squats, Leg Curls, 3 sets (10-8-6 reps)"
19,158,female,61,4,1,"Calf Raises, Push-Ups, Squats, Leg Curls, 3 sets (10-8-6 reps)"
21,184,female,168,3,3,"Calf Raises, Push-Ups, Squats, Leg Curls, 3 sets (10-8-6 reps)"
41,177,female,44,4,2,"Calf Raises, Push-Ups, Squats, Leg Curls, 3 sets (10-8-6 reps)"
54,179,male,120,1,2,"Calf Raises, Push-Ups, Squats, Leg Curls, 3 sets (10-8-6 reps)"
45,186,female,59,4,4,"Calf Raises, Push-Ups, Squats, Leg Curls, 3 sets (10-8-6 reps)"
45,172,male,112,2,5,"Calf Raises, Push-Ups, Squats, Leg Curls, 3 sets (10-8-6 reps)"
23,170,male,94,1,3,"Calf Raises, Push-Ups, Squats, Leg Curls, 3 sets (10-8-6 reps)"
33,187,male,44,1,3,"Calf Raises, Push-Ups, Squats, Leg Curls, 3 sets (10-8-6 reps)"
45,163,male,156,5,2,"Calf Raises, Push-Ups, Squats, Leg Curls, 3 sets (10-8-6 reps)"
52,157,female,142,1,3,"Calf Raises, Push-Ups, Squats, Leg Curls, 3 sets (10-8-6 reps)"
40,160,male,82,3,1,"Calf Raises, Push-Ups, Squats, Leg Curls, 3 sets (10-8-6 reps)"
29,155,male,133,3,1,"Calf Raises, Push-Ups, Squats, Leg Curls, 3 sets (10-8-6 reps)"
27,177,male,34,2,2,"Calf Raises, Push-Ups, Squats, Leg Curls, 3 sets (10-8-6 reps)"
34,154,male,127,5,3,"Calf Raises, Push-Ups, Squats, Leg Curls, 3 sets (10-8-6 reps)"
40,160,female,142,5,4,"Calf Raises, Push-Ups, Squats, Leg Curls, 3 sets (10-8-6 reps)"
34,164,female,156,4,4,"Calf Raises, Push-Ups, Squats, Leg Curls, 3 sets (10-8-6 reps)"
36,173,female,42,5,2,"Calf Raises, Push-Ups, Squats, Leg Curls, 3 sets (10-8-6 reps)"
25,174,male,84,3,5,"Calf Raises, Push-Ups, Squats, Leg Curls, 3 sets (10-8-6 reps)"
28,163,male,110,2,1,"Calf Raises, Push-Ups, Squats, Leg Curls, 3 sets (10-8-6 reps)"
23,157,female,169,1,3,"Calf Raises, Push-Ups, Squats, Leg Curls, 3 sets (10-8-6 reps)"
38,167,male,170,3,4,"Calf Raises, Push-Ups, Squats, Leg Curls, 3 sets (10-8-6 reps)"
51,171,male,47,3,4,"Calf Raises, Push-Ups, Squats, Leg Curls, 3 sets (10-8-6 reps)"
47,173,male,75,1,5,"Calf Raises, Push-Ups, Squats, Leg Curls, 3 sets (10-8-6 reps)"
25,186,male,167,4,5,"Calf Raises, Push-Ups, Squats, Leg Curls, 3 sets (10-8-6 reps)"
52,172,male,151,5,5,"Calf Raises, Push-Ups, Squats, Leg Curls, 3 sets (10-8-6 reps)"
56,167,female,165,4,3,"Calf Raises, Push-Ups, Squats, Leg Curls, 3 sets (10-8-6 reps)"
19,162,male,53,3,3,"Calf Raises, Push-Ups, Squats, Leg Curls, 3 sets (10-8-6 reps)"
53,159,male,130,3,2,"Calf Raises, Push-Ups, Squats, Leg Curls, 3 sets (10-8-6 reps)"
44,175,female,114,4,1,"Calf Raises, Push-Ups, Squats, Leg Curls, 3 sets (10-8-6 reps)"
28,175,female,142,2,1,"Arnold Press, Leg Extensions, Side Planks, 4 sets (12-10-8-6 reps)"
39,167,female,70,3,5,"Arnold Press, Leg Extensions, Side Planks, 4 sets (12-10-8-6 reps)"
46,177,male,155,3,1,"Arnold Press, Leg Extensions, Side Planks, 4 sets (12-10-8-6 reps)"
34,181,female,105,3,5,"Arnold Press, Leg Extensions, Side Planks, 4 sets (12-10-8-6 reps)"
44,157,female,95,4,3,"Arnold Press, Leg Extensions, Side Planks, 4 sets (12-10-8-6 reps)"
45,156,male,117,4,2,"Arnold Press, Leg Extensions, Side Planks, 4 sets (12-10-8-6 reps)"
50,161,male,59,3,2,"Arnold Press, Leg Extensions, Side Planks, 4 sets (12-10-8-6 reps)"
28,183,male,77,4,1,"Arnold Press, Leg Extensions, Side Planks, 4 sets (12-10-8-6 reps)"
36,184,female,113,3,2,"Arnold Press, Leg Extensions, Side Planks, 4 sets (12-10-8-6 reps)"
58,186,female,70,1,5,"Arnold Press, Leg Extensions, Side Planks, 4 sets (12-10-8-6 reps)"
39,157,female,74,2,5,"Arnold Press, Leg Extensions, Side Planks, 4 sets (12-10-8-6 reps)"
47,174,female,30,3,5,"Arnold Press, Leg Extensions, Side Planks, 4 sets (12-10-8-6 reps)"
38,181,male,74,3,2,"Arnold Press, Leg Extensions, Side Planks, 4 sets (12-10-8-6 reps)"
59,183,male,68,4,1,"Arnold Press, Leg Extensions, Side Planks, 4 sets (12-10-8-6 reps)"
43,162,male,110,5,2,"Arnold Press, Leg Extensions, Side Planks, 4 sets (12-10-8-6 reps)"
45,160,female,142,1,2,"Arnold Press, Leg Extensions, Side Planks, 4 sets (12-10-8-6 reps)"
27,183,female,152,5,3,"Arnold Press, Leg Extensions, Side Planks, 4 sets (12-10-8-6 reps)"
40,156,female,146,1,5,"Arnold Press, Leg Extensions, Side Planks, 4 sets (12-10-8-6 reps)"
42,169,male,96,3,3,"Arnold Press, Leg Extensions, Side Planks, 4 sets (12-10-8-6 reps)"
42,161,male,143,2,3,"Arnold Press, Leg Extensions, Side Planks, 4 sets (12-10-8-6 reps)"
25,178,female,171,5,1,"Arnold Press, Leg Extensions, Side Planks, 4 sets (12-10-8-6 reps)"
45,156,female,174,1,3,"Arnold Press, Leg Extensions, Side Planks, 4 sets (12-10-8-6 reps)"
44,171,female,37,3,2,"Arnold Press, Leg Extensions, Side Planks, 4 sets (12-10-8-6 reps)"
45,181,female,150,4,2,"Arnold Press, Leg Extensions, Side Planks, 4 sets (12-10-8-6 reps)"
48,156,female,130,1,4,"Arnold Press, Leg Extensions, Side Planks, 4 sets (12-10-8-6 reps)"
49,157,male,129,5,5,"Arnold Press, Leg Extensions, Side Planks, 4 sets (12-10-8-6 reps)"
19,170,female,147,5,5,"Arnold Press, Leg Extensions, Side Planks, 4 sets (12-10-8-6 reps)"
32,181,male,42,5,4,"Arnold Press, Leg Extensions, Side Planks, 4 sets (12-10-8-6 reps)"
53,169,male,55,1,4,"Arnold Press, Leg Extensions, Side Planks, 4 sets (12-10-8-6 reps)"
45,155,male,124,1,4,"Arnold Press, Leg Extensions, Side Planks, 4 sets (12-10-8-6 reps)"
39,178,female,91,4,3,"Arnold Press, Leg Extensions, Side Planks, 4 sets (12-10-8-6 reps)"
42,172,male,35,5,4,"Arnold Press, Leg Extensions, Side Planks, 4 sets (12-10-8-6 reps)"
26,164,female,70,5,1,"Arnold Press, Leg Extensions, Side Planks, 4 sets (12-10-8-6 reps)"
57,172,female,127,1,4,"Arnold Press, Leg Extensions, Side Planks, 4 sets (12-10-8-6 reps)"
41,159,male,130,4,1,"Arnold Press, Leg Extensions, Side Planks, 4 sets (12-10-8-6 reps)"
22,183,female,152,4,5,"Arnold Press, Leg Extensions, Side Planks, 4 sets (12-10-8-6 reps)"
28,176,male,95,1,4,"Pull-Ups, Leg Press, Calf Raises, Rows, 4 sets (12-10-8-6 reps)"
53,169,male,73,3,4,"Pull-Ups, Leg Press, Calf Raises, Rows, 4 sets (12-10-8-6 reps)"
50,162,male,103,1,1,"Pull-Ups, Leg Press, Calf Raises, Rows, 4 sets (12-10-8-6 reps)"
33,185,male,76,3,3,"Pull-Ups, Leg Press, Calf Raises, Rows, 4 sets (12-10-8-6 reps)"
43,160,female,45,3,4,"Pull-Ups, Leg Press, Calf Raises, Rows, 4 sets (12-10-8-6 reps)"
50,163,female,168,5,1,"Pull-Ups, Leg Press, Calf Raises, Rows, 4 sets (12-10-8-6 reps)"
57,153,male,154,5,2,"Pull-Ups, Leg Press, Calf Raises, Rows, 4 sets (12-10-8-6 reps)"
25,160,female,48,3,5,"Pull-Ups, Leg Press, Calf Raises, Rows, 4 sets (12-10-8-6 reps)"
35,179,female,155,1,4,"Pull-Ups, Leg Press, Calf Raises, Rows, 4 sets (12-10-8-6 reps)"
44,164,female,101,4,4,"Pull-Ups, Leg Press, Calf Raises, Rows, 4 sets (12-10-8-6 reps)"
36,175,male,113,2,4,"Pull-Ups, Leg Press, Calf Raises, Rows, 4 sets (12-10-8-6 reps)"
48,179,male,31,5,4,"Pull-Ups, Leg Press, Calf Raises, Rows, 4 sets (12-10-8-6 reps)"
49,172,female,31,1,4,"Pull-Ups, Leg Press, Calf Raises, Rows, 4 sets (12-10-8-6 reps)"
30,181,male,50,1,3,"Pull-Ups, Leg Press, Calf Raises, Rows, 4 sets (12-10-8-6 reps)"
22,153,male,76,2,2,"Pull-Ups, Leg Press, Calf Raises, Rows, 4 sets (12-10-8-6 reps)"
22,152,male,58,5,1,"Pull-Ups, Leg Press, Calf Raises, Rows, 4 sets (12-10-8-6 reps)"
49,167,female,114,1,5,"Pull-Ups, Leg Press, Calf Raises, Rows, 4 sets (12-10-8-6 reps)"
58,186,female,101,5,1,"Pull-Ups, Leg Press, Calf Raises, Rows, 4 sets (12-10-8-6 reps)"
53,176,male,143,5,4,"Pull-Ups, Leg Press, Calf Raises, Rows, 4 sets (12-10-8-6 reps)"
36,171,female,96,1,2,"Pull-Ups, Leg Press, Calf Raises, Rows, 4 sets (12-10-8-6 reps)"
52,183,male,66,4,3,"Pull-Ups, Leg Press, Calf Raises, Rows, 4 sets (12-10-8-6 reps)"
43,174,male,95,5,1,"Pull-Ups, Leg Press, Calf Raises, Rows, 4 sets (12-10-8-6 reps)"
30,164,male,68,5,3,"Pull-Ups, Leg Press, Calf Raises, Rows, 4 sets (12-10-8-6 reps)"
33,180,female,148,1,4,"Pull-Ups, Leg Press, Calf Raises, Rows, 4 sets (12-10-8-6 reps)"
42,182,female,172,5,1,"Pull-Ups, Leg Press, Calf Raises, Rows, 4 sets (12-10-8-6 reps)"
48,167,female,166,1,2,"Pull-Ups, Leg Press, Calf Raises, Rows, 4 sets (12-10-8-6 reps)"
36,186,female,74,2,2,"Pull-Ups, Leg Press, Calf Raises, Rows, 4 sets (12-10-8-6 reps)"
38,180,male,33,4,5,"Pull-Ups, Leg Press, Calf Raises, Rows, 4 sets (12-10-8-6 reps)"
31,159,male,104,1,4,"Pull-Ups, Leg Press, Calf Raises, Rows, 4 sets (12-10-8-6 reps)"
18,177,female,54,1,5,"Pull-Ups, Leg Press, Calf Raises, Rows, 4 sets (12-10-8-6 reps)"
32,161,female,112,3,2,"Pull-Ups, Leg Press, Calf Raises, Rows, 4 sets (12-10-8-6 reps)"
24,175,female,55,2,4,"Pull-Ups, Leg Press, Calf Raises, Rows, 4 sets (12-10-8-6 reps)"
43,188,female,115,4,4,"Pull-Ups, Leg Press, Calf Raises, Rows, 4 sets (12-10-8-6 reps)"
21,165,male,122,3,3,"Pull-Ups, Leg Press, Calf Raises, Rows, 4 sets (12-10-8-6 reps)"
47,182,male,33,2,1,"Pull-Ups, Leg Press, Calf Raises, Rows, 4 sets (12-10-8-6 reps)"
53,155,male,109,5,3,"Pull-Ups, Leg Press, Calf Raises, Rows, 4 sets (12-10-8-6 reps)"
43,167,female,103,1,2,"Pull-Ups, Leg Press, Calf Raises, Rows, 4 sets (12-10-8-6 reps)"
22,162,male,65,5,3,"Pull-Ups, Leg Press, Calf Raises, Rows, 4 sets (12-10-8-6 reps)"
36,150,female,84,5,4,"Pull-Ups, Leg Press, Calf Raises, Rows, 4 sets (12-10-8-6 reps)"
37,173,female,120,3,4,"Pull-Ups, Leg Press, Calf Raises, Rows, 4 sets (12-10-8-6 reps)"
41,177,female,30,2,1,"Pull-Ups, Leg Press, Calf Raises, Rows, 4 sets (12-10-8-6 reps)"
39,165,female,97,1,1,"Pull-Ups, Leg Press, Calf Raises, Rows, 4 sets (12-10-8-6 reps)"
50,173,female,164,1,2,"Pull-Ups, Leg Press, Calf Raises, Rows, 4 sets (12-10-8-6 reps)"
22,185,female,105,2,1,"Pull-Ups, Leg Press, Calf Raises, Rows, 4 sets (12-10-8-6 reps)"
57,160,female,126,2,5,"Leg Extensions, Planks, Overhead Press, Lat Pulldowns, 3 sets (10-8-6 reps)"
41,157,female,152,1,2,"Leg Extensions, Planks, Overhead Press, Lat Pulldowns, 3 sets (10-8-6 reps)"
20,154,female,133,2,5,"Leg Extensions, Planks, Overhead Press, Lat Pulldowns, 3 sets (10-8-6 reps)"
58,175,male,177,5,1,"Leg Extensions, Planks, Overhead Press, Lat Pulldowns, 3 sets (10-8-6 reps)"
39,153,male,176,2,4,"Leg Extensions, Planks, Overhead Press, Lat Pulldowns, 3 sets (10-8-6 reps)"
56,154,female,148,5,2,"Leg Extensions, Planks, Overhead Press, Lat Pulldowns, 3 sets (10-8-6 reps)"
41,154,female,93,3,5,"Leg Extensions, Planks, Overhead Press, Lat Pulldowns, 3 sets (10-8-6 reps)"
39,185,female,37,5,1,"Leg Extensions, Planks, Overhead Press, Lat Pulldowns, 3 sets (10-8-6 reps)"
52,174,male,114,4,2,"Leg Extensions, Planks, Overhead Press, Lat Pulldowns, 3 sets (10-8-6 reps)"
42,152,male,136,3,3,"Leg Extensions, Planks, Overhead Press, Lat Pulldowns, 3 sets (10-8-6 reps)"
52,161,male,66,2,3,"Leg Extensions, Planks, Overhead Press, Lat Pulldowns, 3 sets (10-8-6 reps)"
44,175,female,138,2,3,"Leg Extensions, Planks, Overhead Press, Lat Pulldowns, 3 sets (10-8-6 reps)"
52,162,male,52,1,1,"Leg Extensions, Planks, Overhead Press, Lat Pulldowns, 3 sets (10-8-6 reps)"
25,173,female,94,4,5,"Leg Extensions, Planks, Overhead Press, Lat Pulldowns, 3 sets (10-8-6 reps)"
19,166,female,158,3,2,"Leg Extensions, Planks, Overhead Press, Lat Pulldowns, 3 sets (10-8-6 reps)"
52,189,male,104,3,3,"Leg Extensions, Planks, Overhead Press, Lat Pulldowns, 3 sets (10-8-6 reps)"
52,180,female,172,3,5,"Leg Extensions, Planks, Overhead Press, Lat Pulldowns, 3 sets (10-8-6 reps)"
54,159,female,101,1,2,"Leg Extensions, Planks, Overhead Press, Lat Pulldowns, 3 sets (10-8-6 reps)"
31,175,male,155,3,5,"Leg Extensions, Planks, Overhead Press, Lat Pulldowns, 3 sets (10-8-6 reps)"
27,188,male,157,2,1,"Leg Extensions, Planks, Overhead Press, Lat Pulldowns, 3 sets (10-8-6 reps)"
36,177,female,32,2,4,"Leg Extensions, Planks, Overhead Press, Lat Pulldowns, 3 sets (10-8-6 reps)"
18,157,male,82,2,4,"Leg Extensions, Planks, Overhead Press, Lat Pulldowns, 3 sets (10-8-6 reps)"
38,179,female,60,5,5,"Leg Extensions, Planks, Overhead Press, Lat Pulldowns, 3 sets (10-8-6 reps)"
42,160,male,42,5,2,"Leg Extensions, Planks, Overhead Press, Lat Pulldowns, 3 sets (10-8-6 reps)"
25,155,male,37,2,2,"Leg Extensions, Planks, Overhead Press, Lat Pulldowns, 3 sets (10-8-6 reps)"
28,187,female,84,5,4,"Leg Extensions, Planks, Overhead Press, Lat Pulldowns, 3 sets (10-8-6 reps)"
51,178,female,125,2,2,"Leg Extensions, Planks, Overhead Press, Lat Pulldowns, 3 sets (10-8-6 reps)"
54,163,female,90,5,3,"Leg Extensions, Planks, Overhead Press, Lat Pulldowns, 3 sets (10-8-6 reps)"
51,166,male,168,4,2,"Leg Extensions, Planks, Overhead Press, Lat Pulldowns, 3 sets (10-8-6 reps)"
47,175,female,86,5,5,"Leg Extensions, Planks, Overhead Press, Lat Pulldowns, 3 sets (10-8-6 reps)"
50,176,female,90,2,4,"Leg Extensions, Planks, Overhead Press, Lat Pulldowns, 3 sets (10-8-6 reps)"
41,159,male,71,1,5,"Leg Curls, Dumbbell Rows, Seated Rows, 4 sets (12-10-8-6 reps)"
42,189,female,138,1,1,"Leg Curls, Dumbbell Rows, Seated Rows, 4 sets (12-10-8-6 reps)"
58,178,male,104,4,5,"Leg Curls, Dumbbell Rows, Seated Rows, 4 sets (12-10-8-6 reps)"
24,165,male,157,1,5,"Leg Curls, Dumbbell Rows, Seated Rows, 4 sets (12-10-8-6 reps)"
32,184,male,75,2,4,"Leg Curls, Dumbbell Rows, Seated Rows, 4 sets (12-10-8-6 reps)"
59,163,male,113,1,2,"Leg Curls, Dumbbell Rows, Seated Rows, 4 sets (12-10-8-6 reps)"
42,170,female,139,1,2,"Leg Curls, Dumbbell Rows, Seated Rows, 4 sets (12-10-8-6 reps)"
55,186,female,130,1,3,"Leg Curls, Dumbbell Rows, Seated Rows, 4 sets (12-10-8-6 reps)"
50,166,female,105,1,1,"Leg Curls, Dumbbell Rows, Seated Rows, 4 sets (12-10-8-6 reps)"
56,175,female,33,1,1,"Leg Curls, Dumbbell Rows, Seated Rows, 4 sets (12-10-8-6 reps)"
52,184,male,135,5,3,"Leg Curls, Dumbbell Rows, Seated Rows, 4 sets (12-10-8-6 reps)"
40,164,male,160,4,5,"Leg Curls, Dumbbell Rows, Seated Rows, 4 sets (12-10-8-6 reps)"
29,174,female,137,1,4,"Leg Curls, Dumbbell Rows, Seated Rows, 4 sets (12-10-8-6 reps)"
54,153,male,64,5,3,"Leg Curls, Dumbbell Rows, Seated Rows, 4 sets (12-10-8-6 reps)"
24,178,female,64,2,5,"Leg Curls, Dumbbell Rows, Seated Rows, 4 sets (12-10-8-6 reps)"
21,168,male,131,4,2,"Leg Curls, Dumbbell Rows, Seated Rows, 4 sets (12-10-8-6 reps)"
58,164,male,117,5,2,"Leg Curls, Dumbbell Rows, Seated Rows, 4 sets (12-10-8-6 reps)"
50,151,female,85,4,4,"Leg Curls, Dumbbell Rows, Seated Rows, 4 sets (12-10-8-6 reps)"
51,178,male,138,2,5,"Leg Curls, Dumbbell Rows, Seated Rows, 4 sets (12-10-8-6 reps)"
38,161,female,86,3,3,"Leg Curls, Dumbbell Rows, Seated Rows, 4 sets (12-10-8-6 reps)"
59,155,female,160,5,1,"Leg Curls, Dumbbell Rows, Seated Rows, 4 sets (12-10-8-6 reps)"
20,155,female,146,5,5,"Leg Curls, Dumbbell Rows, Seated Rows, 4 sets (12-10-8-6 reps)"
49,184,female,37,2,3,"Leg Curls, Dumbbell Rows, Seated Rows, 4 sets (12-10-8-6 reps)"
35,184,female,113,1,4,"Leg Curls, Dumbbell Rows, Seated Rows, 4 sets (12-10-8-6 reps)"
27,169,female,50,5,3,"Leg Curls, Dumbbell Rows, Seated Rows, 4 sets (12-10-8-6 reps)"
37,169,male,32,4,1,"Leg Curls, Dumbbell Rows, Seated Rows, 4 sets (12-10-8-6 reps)"
48,182,male,170,2,3,"Leg Curls, Dumbbell Rows, Seated Rows, 4 sets (12-10-8-6 reps)"
54,164,female,38,2,1,"Leg Curls, Dumbbell Rows, Seated Rows, 4 sets (12-10-8-6 reps)"
30,178,male,118,4,3,"Leg Curls, Dumbbell Rows, Seated Rows, 4 sets (12-10-8-6 reps)"
26,157,female,111,4,4,"Leg Curls, Dumbbell Rows, Seated Rows, 4 sets (12-10-8-6 reps)"
52,155,female,174,5,4,"Leg Curls, Dumbbell Rows, Seated Rows, 4 sets (12-10-8-6 reps)"
21,178,male,161,5,1,"Leg Curls, Dumbbell Rows, Seated Rows, 4 sets (12-10-8-6 reps)"
55,175,male,141,2,5,"Leg Curls, Dumbbell Rows, Seated Rows, 4 sets (12-10-8-6 reps)"
50,158,male,91,4,1,"Leg Curls, Dumbbell Rows, Seated Rows, 4 sets (12-10-8-6 reps)"
55,174,female,116,3,5,"Leg Curls, Dumbbell Rows, Seated Rows, 4 sets (12-10-8-6 reps)"
20,189,female,35,1,1,"Calf Raises, Arnold Press, Hammer Curls, 3 sets (10-8-6 reps)"
19,161,female,40,5,1,"Calf Raises, Arnold Press, Hammer Curls, 3 sets (10-8-6 reps)"
53,156,female,138,2,3,"Calf Raises, Arnold Press, Hammer Curls, 3 sets (10-8-6 reps)"
48,176,male,50,4,5,"Calf Raises, Arnold Press, Hammer Curls, 3 sets (10-8-6 reps)"
26,169,male,89,2,1,"Calf Raises, Arnold Press, Hammer Curls, 3 sets (10-8-6 reps)"
43,150,male,171,4,4,"Calf Raises, Arnold Press, Hammer Curls, 3 sets (10-8-6 reps)"
37,159,male,43,3,3,"Calf Raises, Arnold Press, Hammer Curls, 3 sets (10-8-6 reps)"
47,156,female,131,3,3,"Calf Raises, Arnold Press, Hammer Curls, 3 sets (10-8-6 reps)"
49,187,male,81,5,2,"Calf Raises, Arnold Press, Hammer Curls, 3 sets (10-8-6 reps)"
29,184,female,107,2,5,"Calf Raises, Arnold Press, Hammer Curls, 3 sets (10-8-6 reps)"
20,166,female,37,1,2,"Calf Raises, Arnold Press, Hammer Curls, 3 sets (10-8-6 reps)"
22,155,female,97,4,3,"Calf Raises, Arnold Press, Hammer Curls, 3 sets (10-8-6 reps)"
24,185,male,90,1,5,"Calf Raises, Arnold Press, Hammer Curls, 3 sets (10-8-6 reps)"
48,152,male,57,3,4,"Calf Raises, Arnold Press, Hammer Curls, 3 sets (10-8-6 reps)"
59,174,female,129,5,1,"Calf Raises, Arnold Press, Hammer Curls, 3 sets (10-8-6 reps)"
43,159,male,142,3,3,"Calf Raises, Arnold Press, Hammer Curls, 3 sets (10-8-6 reps)"
18,172,female,74,3,4,"Calf Raises, Arnold Press, Hammer Curls, 3 sets (10-8-6 reps)"
38,188,female,77,3,3,"Calf Raises, Arnold Press, Hammer Curls, 3 sets (10-8-6 reps)"
27,181,male,81,4,5,"Calf Raises, Arnold Press, Hammer Curls, 3 sets (10-8-6 reps)"
56,184,female,33,1,3,"Calf Raises, Arnold Press, Hammer Curls, 3 sets (10-8-6 reps)"
29,167,female,88,5,5,"Calf Raises, Arnold Press, Hammer Curls, 3 sets (10-8-6 reps)"
53,160,male,108,5,1,"Calf Raises, Arnold Press, Hammer Curls, 3 sets (10-8-6 reps)"
54,181,female,116,5,4,"Calf Raises, Arnold Press, Hammer Curls, 3 sets (10-8-6 reps)"
34,177,female,71,2,1,"Calf Raises, Arnold Press, Hammer Curls, 3 sets (10-8-6 reps)"
40,164,male,129,4,2,"Calf Raises, Arnold Press, Hammer Curls, 3 sets (10-8-6 reps)"
19,172,male,133,4,2,"Calf Raises, Arnold Press, Hammer Curls, 3 sets (10-8-6 reps)"
25,188,female,86,2,1,"Calf Raises, Arnold Press, Hammer Curls, 3 sets (10-8-6 reps)"
22,150,male,161,4,3,"Calf Raises, Arnold Press, Hammer Curls, 3 sets (10-8-6 reps)"
43,154,female,51,3,3,"Calf Raises, Arnold Press, Hammer Curls, 3 sets (10-8-6 reps)"
57,163,male,120,1,5,"Calf Raises, Arnold Press, Hammer Curls, 3 sets (10-8-6 reps)"
31,162,male,141,5,4,"Calf Raises, Arnold Press, Hammer Curls, 3 sets (10-8-6 reps)"
30,167,male,87,4,1,"Calf Raises, Arnold Press, Hammer Curls, 3 sets (10-8-6 reps)"
39,187,male,52,4,4,"Leg Press, Lunges, Lat Pulldowns, 4 sets (12-10-8-6 reps)"
43,178,male,126,5,1,"Leg Press, Lunges, Lat Pulldowns, 4 sets (12-10-8-6 reps)"
22,181,male,80,3,5,"Leg Press, Lunges, Lat Pulldowns, 4 sets (12-10-8-6 reps)"
25,168,female,46,4,4,"Leg Press, Lunges, Lat Pulldowns, 4 sets (12-10-8-6 reps)"
21,152,male,144,2,1,"Leg Press, Lunges, Lat Pulldowns, 4 sets (12-10-8-6 reps)"
30,163,male,129,1,5,"Leg Press, Lunges, Lat Pulldowns, 4 sets (12-10-8-6 reps)"
18,185,female,57,4,2,"Leg Press, Lunges, Lat Pulldowns, 4 sets (12-10-8-6 reps)"
49,179,male,118,2,5,"Leg Press, Lunges, Lat Pulldowns, 4 sets (12-10-8-6 reps)"
58,183,male,82,3,4,"Leg Press, Lunges, Lat Pulldowns, 4 sets (12-10-8-6 reps)"
19,172,female,154,3,2,"Leg Press, Lunges, Lat Pulldowns, 4 sets (12-10-8-6 reps)"
43,189,female,35,2,1,"Leg Press, Lunges, Lat Pulldowns, 4 sets (12-10-8-6 reps)"
49,182,male,138,4,3,"Leg Press, Lunges, Lat Pulldowns, 4 sets (12-10-8-6 reps)"
57,174,male,119,2,5,"Leg Press, Lunges, Lat Pulldowns, 4 sets (12-10-8-6 reps)"
50,165,male,132,4,5,"Leg Press, Lunges, Lat Pulldowns, 4 sets (12-10-8-6 reps)"
23,186,female,175,3,4,"Leg Press, Lunges, Lat Pulldowns, 4 sets (12-10-8-6 reps)"
29,162,female,66,5,1,"Leg Press, Lunges, Lat Pulldowns, 4 sets (12-10-8-6 reps)"
46,186,male,163,5,1,"Leg Press, Lunges, Lat Pulldowns, 4 sets (12-10-8-6 reps)"
51,187,male,71,5,3,"Leg Press, Lunges, Lat Pulldowns, 4 sets (12-10-8-6 reps)"
58,167,male,49,2,4,"Leg Press, Lunges, Lat Pulldowns, 4 sets (12-10-8-6 reps)"
46,162,male,46,3,3,"Leg Press, Lunges, Lat Pulldowns, 4 sets (12-10-8-6 reps)"
45,171,male,93,1,2,"Leg Press, Lunges, Lat Pulldowns, 4 sets (12-10-8-6 reps)"
28,153,male,66,3,3,"Leg Press, Lunges, Lat Pulldowns, 4 sets (12-10-8-6 reps)"
42,155,female,152,4,3,"Leg Press, Lunges, Lat Pulldowns, 4 sets (12-10-8-6 reps)"
45,165,female,165,4,3,"Leg Press, Lunges, Lat Pulldowns, 4 sets (12-10-8-6 reps)"
46,182,male,94,3,1,"Leg Press, Lunges, Lat Pulldowns, 4 sets (12-10-8-6 reps)"
27,175,female,170,5,5,"Leg Press, Lunges, Lat Pulldowns, 4 sets (12-10-8-6 reps)"
47,171,male,112,4,4,"Leg Press, Lunges, Lat Pulldowns, 4 sets (12-10-8-6 reps)"
49,175,male,149,4,3,"Leg Press, Lunges, Lat Pulldowns, 4 sets (12-10-8-6 reps)"
38,183,male,52,3,4,"Leg Press, Lunges, Lat Pulldowns, 4 sets (12-10-8-6 reps)"
57,185,female,83,5,2,"Leg Press, Lunges, Lat Pulldowns, 4 sets (12-10-8-6 reps)"
18,152,female,99,4,2,"Leg Press, Lunges, Lat Pulldowns, 4 sets (12-10-8-6 reps)"
56,173,male,167,3,5,"Leg Press, Lunges, Lat Pulldowns, 4 sets (12-10-8-6 reps)"
22,161,male,131,3,3,"Leg Press, Lunges, Lat Pulldowns, 4 sets (12-10-8-6 reps)"
37,184,male,119,4,1,"Leg Press, Lunges, Lat Pulldowns, 4 sets (12-10-8-6 reps)"
30,187,female,170,3,4,"Leg Press, Lunges, Lat Pulldowns, 4 sets (12-10-8-6 reps)"
58,150,female,104,5,4,"Leg Press, Lunges, Lat Pulldowns, 4 sets (12-10-8-6 reps)"
25,183,male,166,2,5,"Leg Press, Lunges, Lat Pulldowns, 4 sets (12-10-8-6 reps)"
52,162,male,176,3,5,"Leg Press, Lunges, Lat Pulldowns, 4 sets (12-10-8-6 reps)"
42,157,female,113,4,1,"Leg Press, Lunges, Lat Pulldowns, 4 sets (12-10-8-6 reps)"
32,171,male,98,3,2,"Leg Press, Lunges, Lat Pulldowns, 4 sets (12-10-8-6 reps)"
53,185,male,59,5,4,"Leg Press, Lunges, Lat Pulldowns, 4 sets (12-10-8-6 reps)"
19,155,female,118,4,5,"Leg Press, Arnold Press, Leg Extensions, 4 sets (12-10-8-6 reps)"
19,150,male,136,5,2,"Leg Press, Arnold Press, Leg Extensions, 4 sets (12-10-8-6 reps)"
18,177,female,168,4,5,"Leg Press, Arnold Press, Leg Extensions, 4 sets (12-10-8-6 reps)"
31,172,male,67,4,4,"Leg Press, Arnold Press, Leg Extensions, 4 sets (12-10-8-6 reps)"
49,172,male,166,2,4,"Leg Press, Arnold Press, Leg Extensions, 4 sets (12-10-8-6 reps)"
34,179,male,134,4,5,"Leg Press, Arnold Press, Leg Extensions, 4 sets (12-10-8-6 reps)"
36,174,male,41,1,4,"Leg Press, Arnold Press, Leg Extensions, 4 sets (12-10-8-6 reps)"
36,176,male,122,2,5,"Leg Press, Arnold Press, Leg Extensions, 4 sets (12-10-8-6 reps)"
57,166,male,57,5,2,"Leg Press, Arnold Press, Leg Extensions, 4 sets (12-10-8-6 reps)"
45,185,male,120,1,4,"Leg Press, Arnold Press, Leg Extensions, 4 sets (12-10-8-6 reps)"
37,157,female,68,1,4,"Leg Press, Arnold Press, Leg Extensions, 4 sets (12-10-8-6 reps)"
34,167,female,41,5,5,"Leg Press, Arnold Press, Leg Extensions, 4 sets (12-10-8-6 reps)"
43,162,male,156,2,3,"Leg Press, Arnold Press, Leg Extensions, 4 sets (12-10-8-6 reps)"
30,183,male,93,3,3,"Leg Press, Arnold Press, Leg Extensions, 4 sets (12-10-8-6 reps)"
34,157,female,94,2,4,"Leg Press, Arnold Press, Leg Extensions, 4 sets (12-10-8-6 reps)"
54,154,female,115,1,2,"Leg Press, Arnold Press, Leg Extensions, 4 sets (12-10-8-6 reps)"
22,173,female,116,3,4,"Leg Press, Arnold Press, Leg Extensions, 4 sets (12-10-8-6 reps)"
53,164,female,160,5,4,"Leg Press, Arnold Press, Leg Extensions, 4 sets (12-10-8-6 reps)"
53,178,male,144,3,4,"Leg Press, Arnold Press, Leg Extensions, 4 sets (12-10-8-6 reps)"
30,183,female,110,1,5,"Leg Press, Arnold Press, Leg Extensions, 4 sets (12-10-8-6 reps)"
33,178,female,59,4,3,"Leg Press, Arnold Press, Leg Extensions, 4 sets (12-10-8-6 reps)"
30,160,male,133,2,5,"Leg Press, Arnold Press, Leg Extensions, 4 sets (12-10-8-6 reps)"
20,164,male,68,2,2,"Leg Press, Arnold Press, Leg Extensions, 4 sets (12-10-8-6 reps)"
20,162,female,108,5,3,"Leg Press, Arnold Press, Leg Extensions, 4 sets (12-10-8-6 reps)"
37,159,male,93,3,1,"Leg Press, Arnold Press, Leg Extensions, 4 sets (12-10-8-6 reps)"
30,189,female,168,1,2,"Leg Press, Arnold Press, Leg Extensions, 4 sets (12-10-8-6 reps)"
39,152,male,130,2,1,"Leg Press, Arnold Press, Leg Extensions, 4 sets (12-10-8-6 reps)"
51,158,female,46,5,3,"Leg Press, Arnold Press, Leg Extensions, 4 sets (12-10-8-6 reps)"
40,153,female,70,2,3,"Leg Press, Arnold Press, Leg Extensions, 4 sets (12-10-8-6 reps)"
31,161,male,129,3,3,"Leg Press, Arnold Press, Leg Extensions, 4 sets (12-10-8-6 reps)"
34,178,female,94,4,1,"Leg Press, Arnold Press, Leg Extensions, 4 sets (12-10-8-6 reps)"
28,180,male,83,1,4,"Leg Press, Arnold Press, Leg Extensions, 4 sets (12-10-8-6 reps)"
51,177,male,82,2,2,"Leg Press, Arnold Press, Leg Extensions, 4 sets (12-10-8-6 reps)"
45,161,female,127,2,3,"Leg Press, Arnold Press, Leg Extensions, 4 sets (12-10-8-6 reps)"
39,172,male,153,4,4,"Leg Press, Arnold Press, Leg Extensions, 4 sets (12-10-8-6 reps)"
29,165,female,162,2,3,"Leg Press, Arnold Press, Leg Extensions, 4 sets (12-10-8-6 reps)"
20,170,male,137,3,1,"Leg Press, Arnold Press, Leg Extensions, 4 sets (12-10-8-6 reps)"
23,172,male,130,2,2,"Leg Press, Arnold Press, Leg Extensions, 4 sets (12-10-8-6 reps)"
26,170,female,122,1,2,"Leg Press, Arnold Press, Leg Extensions, 4 sets (12-10-8-6 reps)"
39,153,male,157,3,4,"Leg Press, Arnold Press, Leg Extensions, 4 sets (12-10-8-6 reps)"
47,172,female,176,3,2,"Face Pulls, Incline Press, Lat Pulldowns, Bicep Curls, 3 sets (10-8-6 reps)"
26,160,male,56,4,5,"Face Pulls, Incline Press, Lat Pulldowns, Bicep Curls, 3 sets (10-8-6 reps)"
47,182,female,163,5,3,"Face Pulls, Incline Press, Lat Pulldowns, Bicep Curls, 3 sets (10-8-6 reps)"
44,151,female,171,1,5,"Face Pulls, Incline Press, Lat Pulldowns, Bicep Curls, 3 sets (10-8-6 reps)"
47,160,female,116,4,3,"Face Pulls, Incline Press, Lat Pulldowns, Bicep Curls, 3 sets (10-8-6 reps)"
59,189,female,35,1,3,"Face Pulls, Incline Press, Lat Pulldowns, Bicep Curls, 3 sets (10-8-6 reps)"
33,166,male,85,2,3,"Face Pulls, Incline Press, Lat Pulldowns, Bicep Curls, 3 sets (10-8-6 reps)"
46,183,female,91,5,3,"Face Pulls, Incline Press, Lat Pulldowns, Bicep Curls, 3 sets (10-8-6 reps)"
57,184,male,79,1,4,"Face Pulls, Incline Press, Lat Pulldowns, Bicep Curls, 3 sets (10-8-6 reps)"
46,184,male,151,1,5,"Face Pulls, Incline Press, Lat Pulldowns, Bicep Curls, 3 sets (10-8-6 reps)"
20,187,female,154,2,5,"Face Pulls, Incline Press, Lat Pulldowns, Bicep Curls, 3 sets (10-8-6 reps)"
38,161,male,97,5,2,"Face Pulls, Incline Press, Lat Pulldowns, Bicep Curls, 3 sets (10-8-6 reps)"
41,189,male,140,3,4,"Face Pulls, Incline Press, Lat Pulldowns, Bicep Curls, 3 sets (10-8-6 reps)"
39,181,male,98,5,5,"Face Pulls, Incline Press, Lat Pulldowns, Bicep Curls, 3 sets (10-8-6 reps)"
29,184,female,165,2,5,"Face Pulls, Incline Press, Lat Pulldowns, Bicep Curls, 3 sets (10-8-6 reps)"
34,186,female,90,2,3,"Face Pulls, Incline Press, Lat Pulldowns, Bicep Curls, 3 sets (10-8-6 reps)"
48,150,male,174,4,3,"Face Pulls, Incline Press, Lat Pulldowns, Bicep Curls, 3 sets (10-8-6 reps)"
36,187,male,148,4,2,"Face Pulls, Incline Press, Lat Pulldowns, Bicep Curls, 3 sets (10-8-6 reps)"
28,170,male,33,4,1,"Face Pulls, Incline Press, Lat Pulldowns, Bicep Curls, 3 sets (10-8-6 reps)"
34,177,male,163,2,1,"Face Pulls, Incline Press, Lat Pulldowns, Bicep Curls, 3 sets (10-8-6 reps)"
18,168,male,102,2,2,"Face Pulls, Incline Press, Lat Pulldowns, Bicep Curls, 3 sets (10-8-6 reps)"
32,183,male,171,1,5,"Face Pulls, Incline Press, Lat Pulldowns, Bicep Curls, 3 sets (10-8-6 reps)"
34,170,female,53,2,3,"Face Pulls, Incline Press, Lat Pulldowns, Bicep Curls, 3 sets (10-8-6 reps)"
33,186,male,164,4,3,"Face Pulls, Incline Press, Lat Pulldowns, Bicep Curls, 3 sets (10-8-6 reps)"
42,188,male,72,5,5,"Face Pulls, Incline Press, Lat Pulldowns, Bicep Curls, 3 sets (10-8-6 reps)"
49,166,female,164,4,2,"Face Pulls, Incline Press, Lat Pulldowns, Bicep Curls, 3 sets (10-8-6 reps)"
39,186,female,40,5,1,"Face Pulls, Incline Press, Lat Pulldowns, Bicep Curls, 3 sets (10-8-6 reps)"
56,174,male,67,2,5,"Face Pulls, Incline Press, Lat Pulldowns, Bicep Curls, 3 sets (10-8-6 reps)"
42,180,male,107,1,2,"Face Pulls, Incline Press, Lat Pulldowns, Bicep Curls, 3 sets (10-8-6 reps)"
39,181,female,40,1,4,"Face Pulls, Incline Press, Lat Pulldowns, Bicep Curls, 3 sets (10-8-6 reps)"
25,154,male,99,2,2,"Face Pulls, Incline Press, Lat Pulldowns, Bicep Curls, 3 sets (10-8-6 reps)"
23,174,male,135,2,2,"Face Pulls, Incline Press, Lat Pulldowns, Bicep Curls, 3 sets (10-8-6 reps)"
45,162,male,123,3,4,"Face Pulls, Incline Press, Lat Pulldowns, Bicep Curls, 3 sets (10-8-6 reps)"
50,182,male,100,1,3,"Face Pulls, Incline Press, Lat Pulldowns, Bicep Curls, 3 sets (10-8-6 reps)"
32,155,female,143,3,3,"Face Pulls, Incline Press, Lat Pulldowns, Bicep Curls, 3 sets (10-8-6 reps)"
31,153,female,162,4,5,"Face Pulls, Incline Press, Lat Pulldowns, Bicep Curls, 3 sets (10-8-6 reps)"
21,186,female,32,3,2,"Face Pulls, Incline Press, Lat Pulldowns, Bicep Curls, 3 sets (10-8-6 reps)"
32,182,female,54,2,3,"Face Pulls, Incline Press, Lat Pulldowns, Bicep Curls, 3 sets (10-8-6 reps)"
55,175,male,80,5,4,"Lunges, Side Planks, Russian Twists, 3 sets (10-8-6 reps)"
25,176,female,33,5,2,"Lunges, Side Planks, Russian Twists, 3 sets (10-8-6 reps)"
44,181,female,50,5,1,"Lunges, Side Planks, Russian Twists, 3 sets (10-8-6 reps)"
59,152,male,174,5,3,"Lunges, Side Planks, Russian Twists, 3 sets (10-8-6 reps)"
23,169,female,150,4,2,"Lunges, Side Planks, Russian Twists, 3 sets (10-8-6 reps)"
22,171,female,135,1,2,"Lunges, Side Planks, Russian Twists, 3 sets (10-8-6 reps)"
33,168,female,78,1,1,"Lunges, Side Planks, Russian Twists, 3 sets (10-8-6 reps)"
55,174,female,48,4,3,"Lunges, Side Planks, Russian Twists, 3 sets (10-8-6 reps)"
41,167,male,172,1,3,"Lunges, Side Planks, Russian Twists, 3 sets (10-8-6 reps)"
56,184,male,130,5,4,"Lunges, Side Planks, Russian Twists, 3 sets (10-8-6 reps)"
32,164,male,63,5,4,"Lunges, Side Planks, Russian Twists, 3 sets (10-8-6 reps)"
47,177,female,106,5,2,"Lunges, Side Planks, Russian Twists, 3 sets (10-8-6 reps)"
40,179,male,77,2,5,"Lunges, Side Planks, Russian Twists, 3 sets (10-8-6 reps)"
22,175,female,54,2,3,"Lunges, Side Planks, Russian Twists, 3 sets (10-8-6 reps)"
35,166,male,170,1,5,"Lunges, Side Planks, Russian Twists, 3 sets (10-8-6 reps)"
23,152,male,95,5,3,"Lunges, Side Planks, Russian Twists, 3 sets (10-8-6 reps)"
38,164,female,86,5,5,"Lunges, Side Planks, Russian Twists, 3 sets (10-8-6 reps)"
43,171,female,122,2,3,"Lunges, Side Planks, Russian Twists, 3 sets (10-8-6 reps)"
44,155,female,53,3,5,"Lunges, Side Planks, Russian Twists, 3 sets (10-8-6 reps)"
55,169,male,132,1,5,"Lunges, Side Planks, Russian Twists, 3 sets (10-8-6 reps)"
27,164,male,58,2,2,"Lunges, Side Planks, Russian Twists, 3 sets (10-8-6 reps)"
51,185,female,148,4,2,"Lunges, Side Planks, Russian Twists, 3 sets (10-8-6 reps)"
44,177,female,80,2,3,"Lunges, Side Planks, Russian Twists, 3 sets (10-8-6 reps)"
52,186,female,134,5,1,"Lunges, Side Planks, Russian Twists, 3 sets (10-8-6 reps)"
34,183,female,163,4,2,"Lunges, Side Planks, Russian Twists, 3 sets (10-8-6 reps)"
29,170,female,150,1,5,"Lunges, Side Planks, Russian Twists, 3 sets (10-8-6 reps)"
48,161,male,145,1,5,"Lunges, Side Planks, Russian Twists, 3 sets (10-8-6 reps)"
42,180,female,44,3,1,"Lunges, Side Planks, Russian Twists, 3 sets (10-8-6 reps)"
55,157,male,167,2,3,"Lunges, Side Planks, Russian Twists, 3 sets (10-8-6 reps)"
42,174,female,114,4,1,"Arnold Press, Leg Curls, Incline Press, 4 sets (12-10-8-6 reps)"
32,153,female,172,1,2,"Arnold Press, Leg Curls, Incline Press, 4 sets (12-10-8-6 reps)"
56,158,male,36,3,2,"Arnold Press, Leg Curls, Incline Press, 4 sets (12-10-8-6 reps)"
42,171,female,54,3,5,"Arnold Press, Leg Curls, Incline Press, 4 sets (12-10-8-6 reps)"
52,152,male,153,1,4,"Arnold Press, Leg Curls, Incline Press, 4 sets (12-10-8-6 reps)"
56,177,male,172,1,3,"Arnold Press, Leg Curls, Incline Press, 4 sets (12-10-8-6 reps)"
40,157,male,127,1,1,"Arnold Press, Leg Curls, Incline Press, 4 sets (12-10-8-6 reps)"
23,180,male,142,3,4,"Arnold Press, Leg Curls, Incline Press, 4 sets (12-10-8-6 reps)"
45,166,male,115,2,3,"Arnold Press, Leg Curls, Incline Press, 4 sets (12-10-8-6 reps)"
33,183,female,116,1,4,"Arnold Press, Leg Curls, Incline Press, 4 sets (12-10-8-6 reps)"
40,178,female,30,2,2,"Arnold Press, Leg Curls, Incline Press, 4 sets (12-10-8-6 reps)"
39,155,male,75,5,4,"Arnold Press, Leg Curls, Incline Press, 4 sets (12-10-8-6 reps)"
21,170,male,111,1,1,"Arnold Press, Leg Curls, Incline Press, 4 sets (12-10-8-6 reps)"
52,171,female,175,5,4,"Arnold Press, Leg Curls, Incline Press, 4 sets (12-10-8-6 reps)"
47,164,female,111,3,5,"Arnold Press, Leg Curls, Incline Press, 4 sets (12-10-8-6 reps)"
57,189,female,113,4,2,"Arnold Press, Leg Curls, Incline Press, 4 sets (12-10-8-6 reps)"
53,188,male,175,5,2,"Arnold Press, Leg Curls, Incline Press, 4 sets (12-10-8-6 reps)"
33,159,female,151,5,2,"Arnold Press, Leg Curls, Incline Press, 4 sets (12-10-8-6 reps)"
19,179,female,92,3,3,"Arnold Press, Leg Curls, Incline Press, 4 sets (12-10-8-6 reps)"
36,169,female,60,4,3,"Arnold Press, Leg Curls, Incline Press, 4 sets (12-10-8-6 reps)"
54,183,female,138,4,1,"Arnold Press, Leg Curls, Incline Press, 4 sets (12-10-8-6 reps)"
24,150,male,71,2,1,"Arnold Press, Leg Curls, Incline Press, 4 sets (12-10-8-6 reps)"
55,178,male,30,3,4,"Arnold Press, Leg Curls, Incline Press, 4 sets (12-10-8-6 reps)"
57,181,female,52,1,3,"Arnold Press, Leg Curls, Incline Press, 4 sets (12-10-8-6 reps)"
44,169,male,157,3,2,"Arnold Press, Leg Curls, Incline Press, 4 sets (12-10-8-6 reps)"
55,166,male,101,5,5,"Arnold Press, Leg Curls, Incline Press, 4 sets (12-10-8-6 reps)"
27,184,male,131,1,4,"Arnold Press, Leg Curls, Incline Press, 4 sets (12-10-8-6 reps)"
55,173,female,176,4,5,"Arnold Press, Leg Curls, Incline Press, 4 sets (12-10-8-6 reps)"
23,152,male,82,4,5,"Arnold Press, Leg Curls, Incline Press, 4 sets (12-10-8-6 reps)"
45,157,male,78,5,5,"Arnold Press, Leg Curls, Incline Press, 4 sets (12-10-8-6 reps)"
30,151,female,136,3,5,"Arnold Press, Leg Curls, Incline Press, 4 sets (12-10-8-6 reps)"
26,172,male,60,4,2,"Arnold Press, Leg Curls, Incline Press, 4 sets (12-10-8-6 reps)"
38,154,male,88,3,5,"Arnold Press, Leg Curls, Incline Press, 4 sets (12-10-8-6 reps)"
54,159,male,93,3,5,"Arnold Press, Leg Curls, Incline Press, 4 sets (12-10-8-6 reps)"
57,177,female,136,1,1,"Arnold Press, Leg Curls, Incline Press, 4 sets (12-10-8-6 reps)"
41,158,male,37,1,3,"Arnold Press, Leg Curls, Incline Press, 4 sets (12-10-8-6 reps)"
19,162,male,37,3,4,"Arnold Press, Leg Curls, Incline Press, 4 sets (12-10-8-6 reps)"
32,153,female,110,5,1,"Arnold Press, Leg Curls, Incline Press, 4 sets (12-10-8-6 reps)"
55,153,male,115,4,3,"Arnold Press, Leg Curls, Incline Press, 4 sets (12-10-8-6 reps)"
34,175,male,120,3,2,"Arnold Press, Leg Curls, Incline Press, 4 sets (12-10-8-6 reps)"
22,183,female,100,1,2,"Arnold Press, Leg Curls, Incline Press, 4 sets (12-10-8-6 reps)"
25,171,female,52,4,2,"Arnold Press, Leg Curls, Incline Press, 4 sets (12-10-8-6 reps)"
27,188,male,67,3,4,"Arnold Press, Leg Curls, Incline Press, 4 sets (12-10-8-6 reps)"
59,189,female,84,1,4,"Tricep Dips, Leg Curls, Bicep Curls, Overhead Press, 4 sets (12-10-8-6 reps)"
53,164,female,33,3,1,"Tricep Dips, Leg Curls, Bicep Curls, Overhead Press, 4 sets (12-10-8-6 reps)"
42,166,female,145,3,2,"Tricep Dips, Leg Curls, Bicep Curls, Overhead Press, 4 sets (12-10-8-6 reps)"
58,151,female,102,3,3,"Tricep Dips, Leg Curls, Bicep Curls, Overhead Press, 4 sets (12-10-8-6 reps)"
53,170,male,81,5,3,"Tricep Dips, Leg Curls, Bicep Curls, Overhead Press, 4 sets (12-10-8-6 reps)"
41,181,female,57,2,5,"Tricep Dips, Leg Curls, Bicep Curls, Overhead Press, 4 sets (12-10-8-6 reps)"
29,154,male,96,1,4,"Tricep Dips, Leg Curls, Bicep Curls, Overhead Press, 4 sets (12-10-8-6 reps)"
43,174,male,153,5,4,"Tricep Dips, Leg Curls, Bicep Curls, Overhead Press, 4 sets (12-10-8-6 reps)"
43,183,male,51,1,1,"Tricep Dips, Leg Curls, Bicep Curls, Overhead Press, 4 sets (12-10-8-6 reps)"
53,164,female,78,1,2,"Tricep Dips, Leg Curls, Bicep Curls, Overhead Press, 4 sets (12-10-8-6 reps)"
33,177,female,168,5,4,"Tricep Dips, Leg Curls, Bicep Curls, Overhead Press, 4 sets (12-10-8-6 reps)"
29,174,female,147,4,3,"Tricep Dips, Leg Curls, Bicep Curls, Overhead Press, 4 sets (12-10-8-6 reps)"
26,159,female,167,5,1,"Tricep Dips, Leg Curls, Bicep Curls, Overhead Press, 4 sets (12-10-8-6 reps)"
33,174,female,54,3,1,"Tricep Dips, Leg Curls, Bicep Curls, Overhead Press, 4 sets (12-10-8-6 reps)"
29,160,female,127,2,1,"Tricep Dips, Leg Curls, Bicep Curls, Overhead Press, 4 sets (12-10-8-6 reps)"
45,182,male,104,3,4,"Tricep Dips, Leg Curls, Bicep Curls, Overhead Press, 4 sets (12-10-8-6 reps)"
54,155,male,128,1,3,"Tricep Dips, Leg Curls, Bicep Curls, Overhead Press, 4 sets (12-10-8-6 reps)"
27,175,female,175,2,5,"Tricep Dips, Leg Curls, Bicep Curls, Overhead Press, 4 sets (12-10-8-6 reps)"
36,163,male,153,2,2,"Tricep Dips, Leg Curls, Bicep Curls, Overhead Press, 4 sets (12-10-8-6 reps)"
30,162,male,45,3,4,"Tricep Dips, Leg Curls, Bicep Curls, Overhead Press, 4 sets (12-10-8-6 reps)"
54,156,male,42,5,4,"Tricep Dips, Leg Curls, Bicep Curls, Overhead Press, 4 sets (12-10-8-6 reps)"
55,153,male,76,5,5,"Tricep Dips, Leg Curls, Bicep Curls, Overhead Press, 4 sets (12-10-8-6 reps)"
55,185,female,31,5,3,"Tricep Dips, Leg Curls, Bicep Curls, Overhead Press, 4 sets (12-10-8-6 reps)"
23,160,male,119,1,3,"Tricep Dips, Leg Curls, Bicep Curls, Overhead Press, 4 sets (12-10-8-6 reps)"
22,152,female,166,2,5,"Tricep Dips, Leg Curls, Bicep Curls, Overhead Press, 4 sets (12-10-8-6 reps)"
34,161,female,119,2,3,"Tricep Dips, Leg Curls, Bicep Curls, Overhead Press, 4 sets (12-10-8-6 reps)"
43,186,female,86,1,1,"Tricep Dips, Leg Curls, Bicep Curls, Overhead Press, 4 sets (12-10-8-6 reps)"
42,182,male,44,1,1,"Tricep Dips, Leg Curls, Bicep Curls, Overhead Press, 4 sets (12-10-8-6 reps)"
27,157,male,37,4,3,"Tricep Dips, Leg Curls, Bicep Curls, Overhead Press, 4 sets (12-10-8-6 reps)"
57,171,female,45,3,3,"Tricep Dips, Leg Curls, Bicep Curls, Overhead Press, 4 sets (12-10-8-6 reps)"
23,157,female,131,4,4,"Tricep Dips, Leg Curls, Bicep Curls, Overhead Press, 4 sets (12-10-8-6 reps)"
21,153,female,163,5,2,"Tricep Dips, Leg Curls, Bicep Curls, Overhead Press, 4 sets (12-10-8-6 reps)"
28,155,male,73,2,1,"Tricep Dips, Leg Curls, Bicep Curls, Overhead Press, 4 sets (12-10-8-6 reps)"
28,151,male,97,1,3,"Tricep Dips, Leg Curls, Bicep Curls, Overhead Press, 4 sets (12-10-8-6 reps)"
54,168,female,76,3,3,"Tricep Dips, Leg Curls, Bicep Curls, Overhead Press, 4 sets (12-10-8-6 reps)"
32,160,female,97,4,3,"Tricep Dips, Leg Curls, Bicep Curls, Overhead Press, 4 sets (12-10-8-6 reps)"
34,159,female,158,2,2,"Tricep Dips, Leg Curls, Bicep Curls, Overhead Press, 4 sets (12-10-8-6 reps)"
57,185,male,53,1,3,"Tricep Dips, Leg Curls, Bicep Curls, Overhead Press, 4 sets (12-10-8-6 reps)"
59,170,female,138,4,4,"Tricep Dips, Leg Curls, Bicep Curls, Overhead Press, 4 sets (12-10-8-6 reps)"
24,157,female,89,1,3,"Bench Press, Overhead Press, Seated Rows, Leg Press, 3 sets (10-8-6 reps)"
21,163,male,160,5,4,"Bench Press, Overhead Press, Seated Rows, Leg Press, 3 sets (10-8-6 reps)"
31,171,male,32,5,3,"Bench Press, Overhead Press, Seated Rows, Leg Press, 3 sets (10-8-6 reps)"
35,175,female,148,4,4,"Bench Press, Overhead Press, Seated Rows, Leg Press, 3 sets (10-8-6 reps)"
25,162,female,59,1,1,"Bench Press, Overhead Press, Seated Rows, Leg Press, 3 sets (10-8-6 reps)"
52,187,male,62,1,5,"Bench Press, Overhead Press, Seated Rows, Leg Press, 3 sets (10-8-6 reps)"
56,183,female,149,2,3,"Bench Press, Overhead Press, Seated Rows, Leg Press, 3 sets (10-8-6 reps)"
24,165,female,64,2,3,"Bench Press, Overhead Press, Seated Rows, Leg Press, 3 sets (10-8-6 reps)"
56,168,female,160,3,4,"Bench Press, Overhead Press, Seated Rows, Leg Press, 3 sets (10-8-6 reps)"
30,167,female,92,2,1,"Bench Press, Overhead Press, Seated Rows, Leg Press, 3 sets (10-8-6 reps)"
49,183,female,49,2,2,"Bench Press, Overhead Press, Seated Rows, Leg Press, 3 sets (10-8-6 reps)"
20,183,male,170,3,5,"Bench Press, Overhead Press, Seated Rows, Leg Press, 3 sets (10-8-6 reps)"
41,158,male,165,2,4,"Bench Press, Overhead Press, Seated Rows, Leg Press, 3 sets (10-8-6 reps)"
20,166,female,176,2,5,"Bench Press, Overhead Press, Seated Rows, Leg Press, 3 sets (10-8-6 reps)"
46,180,female,70,1,5,"Bench Press, Overhead Press, Seated Rows, Leg Press, 3 sets (10-8-6 reps)"
20,186,female,32,3,2,"Bench Press, Overhead Press, Seated Rows, Leg Press, 3 sets (10-8-6 reps)"
39,188,male,122,4,3,"Bench Press, Overhead Press, Seated Rows, Leg Press, 3 sets (10-8-6 reps)"
40,163,female,133,1,4,"Bench Press, Overhead Press, Seated Rows, Leg Press, 3 sets (10-8-6 reps)"
43,174,female,138,2,2,"Bench Press, Overhead Press, Seated Rows, Leg Press, 3 sets (10-8-6 reps)"
56,158,female,98,1,1,"Bench Press, Overhead Press, Seated Rows, Leg Press, 3 sets (10-8-6 reps)"
48,157,male,127,3,2,"Bench Press, Overhead Press, Seated Rows, Leg Press, 3 sets (10-8-6 reps)"
46,182,female,174,4,3,"Bench Press, Overhead Press, Seated Rows, Leg Press, 3 sets (10-8-6 reps)"
35,173,female,121,1,4,"Bench Press, Overhead Press, Seated Rows, Leg Press, 3 sets (10-8-6 reps)"
49,156,male,102,5,1,"Bench Press, Overhead Press, Seated Rows, Leg Press, 3 sets (10-8-6 reps)"
52,179,male,125,5,1,"Bench Press, Overhead Press, Seated Rows, Leg Press, 3 sets (10-8-6 reps)"
47,178,male,176,2,4,"Bench Press, Overhead Press, Seated Rows, Leg Press, 3 sets (10-8-6 reps)"
53,178,female,55,2,3,"Bench Press, Overhead Press, Seated Rows, Leg Press, 3 sets (10-8-6 reps)"
50,182,male,150,5,1,"Bench Press, Overhead Press, Seated Rows, Leg Press, 3 sets (10-8-6 reps)"
18,187,male,174,1,1,"Bench Press, Overhead Press, Seated Rows, Leg Press, 3 sets (10-8-6 reps)"
43,189,male,178,3,1,"Bench Press, Overhead Press, Seated Rows, Leg Press, 3 sets (10-8-6 reps)"
58,188,male,54,4,4,"Bench Press, Overhead Press, Seated Rows, Leg Press, 3 sets (10-8-6 reps)"
34,188,female,140,3,4,"Bench Press, Overhead Press, Seated Rows, Leg Press, 3 sets (10-8-6 reps)"
41,175,male,94,2,2,"Bench Press, Overhead Press, Seated Rows, Leg Press, 3 sets (10-8-6 reps)"
43,150,female,135,5,1,"Bench Press, Overhead Press, Seated Rows, Leg Press, 3 sets (10-8-6 reps)"
59,150,male,128,4,5,"Bench Press, Overhead Press, Seated Rows, Leg Press, 3 sets (10-8-6 reps)"
43,167,male,105,5,4,"Bench Press, Overhead Press, Seated Rows, Leg Press, 3 sets (10-8-6 reps)"
21,160,male,68,3,3,"Bench Press, Overhead Press, Seated Rows, Leg Press, 3 sets (10-8-6 reps)"
53,168,male,158,5,1,"Bench Press, Overhead Press, Seated Rows, Leg Press, 3 sets (10-8-6 reps)"
23,156,male,96,1,2,"Bench Press, Overhead Press, Seated Rows, Leg Press, 3 sets (10-8-6 reps)"
50,159,male,170,1,1,"Bench Press, Overhead Press, Seated Rows, Leg Press, 3 sets (10-8-6 reps)"
26,180,female,159,2,2,"Incline Press, Crunches, Overhead Press, Seated Rows, 4 sets (12-10-8-6 reps)"
31,166,male,131,3,1,"Incline Press, Crunches, Overhead Press, Seated Rows, 4 sets (12-10-8-6 reps)"
33,155,male,98,3,4,"Incline Press, Crunches, Overhead Press, Seated Rows, 4 sets (12-10-8-6 reps)"
56,178,male,87,2,3,"Incline Press, Crunches, Overhead Press, Seated Rows, 4 sets (12-10-8-6 reps)"
54,177,female,120,2,2,"Incline Press, Crunches, Overhead Press, Seated Rows, 4 sets (12-10-8-6 reps)"
49,181,male,101,5,4,"Incline Press, Crunches, Overhead Press, Seated Rows, 4 sets (12-10-8-6 reps)"
45,167,male,54,1,5,"Incline Press, Crunches, Overhead Press, Seated Rows, 4 sets (12-10-8-6 reps)"
28,182,male,179,2,1,"Incline Press, Crunches, Overhead Press, Seated Rows, 4 sets (12-10-8-6 reps)"
18,151,male,142,2,1,"Incline Press, Crunches, Overhead Press, Seated Rows, 4 sets (12-10-8-6 reps)"
37,189,male,67,3,4,"Incline Press, Crunches, Overhead Press, Seated Rows, 4 sets (12-10-8-6 reps)"
35,170,male,179,4,2,"Incline Press, Crunches, Overhead Press, Seated Rows, 4 sets (12-10-8-6 reps)"
52,160,female,174,3,5,"Incline Press, Crunches, Overhead Press, Seated Rows, 4 sets (12-10-8-6 reps)"
53,166,female,46,5,1,"Incline Press, Crunches, Overhead Press, Seated Rows, 4 sets (12-10-8-6 reps)"
50,159,female,117,3,4,"Incline Press, Crunches, Overhead Press, Seated Rows, 4 sets (12-10-8-6 reps)"
21,161,female,50,1,5,"Incline Press, Crunches, Overhead Press, Seated Rows, 4 sets (12-10-8-6 reps)"
23,158,female,113,4,5,"Incline Press, Crunches, Overhead Press, Seated Rows, 4 sets (12-10-8-6 reps)"
40,166,male,39,4,3,"Incline Press, Crunches, Overhead Press, Seated Rows, 4 sets (12-10-8-6 reps)"
44,178,female,123,3,4,"Incline Press, Crunches, Overhead Press, Seated Rows, 4 sets (12-10-8-6 reps)"
32,169,male,61,2,5,"Incline Press, Crunches, Overhead Press, Seated Rows, 4 sets (12-10-8-6 reps)"
42,153,male,77,5,2,"Incline Press, Crunches, Overhead Press, Seated Rows, 4 sets (12-10-8-6 reps)"
23,150,female,153,1,3,"Incline Press, Crunches, Overhead Press, Seated Rows, 4 sets (12-10-8-6 reps)"
45,178,female,161,3,2,"Incline Press, Crunches, Overhead Press, Seated Rows, 4 sets (12-10-8-6 reps)"
33,158,male,130,1,2,"Incline Press, Crunches, Overhead Press, Seated Rows, 4 sets (12-10-8-6 reps)"
33,162,female,97,1,5,"Incline Press, Crunches, Overhead Press, Seated Rows, 4 sets (12-10-8-6 reps)"
44,178,male,154,1,2,"Incline Press, Crunches, Overhead Press, Seated Rows, 4 sets (12-10-8-6 reps)"
56,181,male,96,1,4,"Incline Press, Crunches, Overhead Press, Seated Rows, 4 sets (12-10-8-6 reps)"
26,169,male,98,2,2,"Incline Press, Crunches, Overhead Press, Seated Rows, 4 sets (12-10-8-6 reps)"
52,182,male,176,2,2,"Incline Press, Crunches, Overhead Press, Seated Rows, 4 sets (12-10-8-6 reps)"
19,162,male,80,3,4,"Incline Press, Crunches, Overhead Press, Seated Rows, 4 sets (12-10-8-6 reps)"
44,185,male,131,4,2,"Incline Press, Crunches, Overhead Press, Seated Rows, 4 sets (12-10-8-6 reps)"
41,164,male,129,1,4,"Incline Press, Crunches, Overhead Press, Seated Rows, 4 sets (12-10-8-6 reps)"
31,177,female,133,2,1,"Incline Press, Crunches, Overhead Press, Seated Rows, 4 sets (12-10-8-6 reps)"
35,157,female,106,2,4,"Incline Press, Crunches, Overhead Press, Seated Rows, 4 sets (12-10-8-6 reps)"
51,187,female,124,3,1,"Incline Press, Crunches, Overhead Press, Seated Rows, 4 sets (12-10-8-6 reps)"
38,176,male,84,4,2,"Incline Press, Crunches, Overhead Press, Seated Rows, 4 sets (12-10-8-6 reps)"
23,174,male,147,5,5,"Incline Press, Crunches, Overhead Press, Seated Rows, 4 sets (12-10-8-6 reps)"
18,158,male,47,5,3,"Incline Press, Crunches, Overhead Press, Seated Rows, 4 sets (12-10-8-6 reps)"
47,170,female,144,2,1,"Incline Press, Crunches, Overhead Press, Seated Rows, 4 sets (12-10-8-6 reps)"
25,179,male,138,3,5,"Incline Press, Crunches, Overhead Press, Seated Rows, 4 sets (12-10-8-6 reps)"
57,156,female,69,4,1,"Incline Press, Crunches, Overhead Press, Seated Rows, 4 sets (12-10-8-6 reps)"
37,186,male,69,3,5,"Seated Rows, Bicep Curls, Squats, Tricep Dips, 4 sets (12-10-8-6 reps)"
46,174,male,75,3,4,"Seated Rows, Bicep Curls, Squats, Tricep Dips, 4 sets (12-10-8-6 reps)"
31,167,male,148,5,5,"Seated Rows, Bicep Curls, Squats, Tricep Dips, 4 sets (12-10-8-6 reps)"
26,156,female,86,4,3,"Seated Rows, Bicep Curls, Squats, Tricep Dips, 4 sets (12-10-8-6 reps)"
49,186,male,106,1,5,"Seated Rows, Bicep Curls, Squats, Tricep Dips, 4 sets (12-10-8-6 reps)"
18,183,male,165,4,4,"Seated Rows, Bicep Curls, Squats, Tricep Dips, 4 sets (12-10-8-6 reps)"
26,185,female,128,1,3,"Seated Rows, Bicep Curls, Squats, Tricep Dips, 4 sets (12-10-8-6 reps)"
20,180,female,80,2,4,"Seated Rows, Bicep Curls, Squats, Tricep Dips, 4 sets (12-10-8-6 reps)"
42,184,female,150,5,4,"Seated Rows, Bicep Curls, Squats, Tricep Dips, 4 sets (12-10-8-6 reps)"
59,171,female,69,2,5,"Seated Rows, Bicep Curls, Squats, Tricep Dips, 4 sets (12-10-8-6 reps)"
59,179,female,78,4,2,"Seated Rows, Bicep Curls, Squats, Tricep Dips, 4 sets (12-10-8-6 reps)"
52,173,male,78,2,2,"Seated Rows, Bicep Curls, Squats, Tricep Dips, 4 sets (12-10-8-6 reps)"
39,163,male,116,5,3,"Seated Rows, Bicep Curls, Squats, Tricep Dips, 4 sets (12-10-8-6 reps)"
29,183,female,127,3,4,"Seated Rows, Bicep Curls, Squats, Tricep Dips, 4 sets (12-10-8-6 reps)"
57,189,female,57,3,4,"Seated Rows, Bicep Curls, Squats, Tricep Dips, 4 sets (12-10-8-6 reps)"
48,185,female,176,4,3,"Seated Rows, Bicep Curls, Squats, Tricep Dips, 4 sets (12-10-8-6 reps)"
43,188,male,168,5,1,"Seated Rows, Bicep Curls, Squats, Tricep Dips, 4 sets (12-10-8-6 reps)"
42,161,female,176,4,3,"Seated Rows, Bicep Curls, Squats, Tricep Dips, 4 sets (12-10-8-6 reps)"
49,155,male,164,4,5,"Seated Rows, Bicep Curls, Squats, Tricep Dips, 4 sets (12-10-8-6 reps)"
34,171,male,92,4,4,"Seated Rows, Bicep Curls, Squats, Tricep Dips, 4 sets (12-10-8-6 reps)"
52,185,female,76,5,3,"Seated Rows, Bicep Curls, Squats, Tricep Dips, 4 sets (12-10-8-6 reps)"
31,160,male,94,5,1,"Seated Rows, Bicep Curls, Squats, Tricep Dips, 4 sets (12-10-8-6 reps)"
53,154,male,45,2,2,"Seated Rows, Bicep Curls, Squats, Tricep Dips, 4 sets (12-10-8-6 reps)"
35,187,female,81,5,3,"Seated Rows, Bicep Curls, Squats, Tricep Dips, 4 sets (12-10-8-6 reps)"
31,151,male,143,3,1,"Seated Rows, Bicep Curls, Squats, Tricep Dips, 4 sets (12-10-8-6 reps)"
48,157,female,139,3,2,"Seated Rows, Bicep Curls, Squats, Tricep Dips, 4 sets (12-10-8-6 reps)"
18,160,male,82,3,4,"Seated Rows, Bicep Curls, Squats, Tricep Dips, 4 sets (12-10-8-6 reps)"
45,161,female,67,4,5,"Seated Rows, Bicep Curls, Squats, Tricep Dips, 4 sets (12-10-8-6 reps)"
22,188,female,141,2,2,"Seated Rows, Bicep Curls, Squats, Tricep Dips, 4 sets (12-10-8-6 reps)"
30,158,male,137,2,3,"Seated Rows, Bicep Curls, Squats, Tricep Dips, 4 sets (12-10-8-6 reps)"
50,155,male,40,3,5,"Seated Rows, Bicep Curls, Squats, Tricep Dips, 4 sets (12-10-8-6 reps)"
18,181,female,50,1,4,"Seated Rows, Bicep Curls, Squats, Tricep Dips, 4 sets (12-10-8-6 reps)"
22,160,male,77,4,4,"Seated Rows, Bicep Curls, Squats, Tricep Dips, 4 sets (12-10-8-6 reps)"
27,152,female,134,4,1,"Seated Rows, Bicep Curls, Squats, Tricep Dips, 4 sets (12-10-8-6 reps)"
21,174,female,166,4,4,"Seated Rows, Bicep Curls, Squats, Tricep Dips, 4 sets (12-10-8-6 reps)"
30,163,female,121,3,1,"Seated Rows, Bicep Curls, Squats, Tricep Dips, 4 sets (12-10-8-6 reps)"
21,151,female,45,4,5,"Seated Rows, Bicep Curls, Squats, Tricep Dips, 4 sets (12-10-8-6 reps)"
43,161,male,172,5,4,"Seated Rows, Bicep Curls, Squats, Tricep Dips, 4 sets (12-10-8-6 reps)"
56,173,male,75,1,1,"Seated Rows, Bicep Curls, Squats, Tricep Dips, 4 sets (12-10-8-6 reps)"
54,157,female,118,1,2,"Seated Rows, Bicep Curls, Squats, Tricep Dips, 4 sets (12-10-8-6 reps)"
47,168,male,144,1,3,"Seated Rows, Bicep Curls, Squats, Tricep Dips, 4 sets (12-10-8-6 reps)"
50,156,male,51,5,3,"Seated Rows, Bicep Curls, Squats, Tricep Dips, 4 sets (12-10-8-6 reps)"
31,183,female,39,2,5,"Seated Rows, Bicep Curls, Squats, Tricep Dips, 4 sets (12-10-8-6 reps)"
28,186,female,88,5,5,"Seated Rows, Bicep Curls, Squats, Tricep Dips, 4 sets (12-10-8-6 reps)"
54,164,male,105,5,1,"Seated Rows, Bicep Curls, Squats, Tricep Dips, 4 sets (12-10-8-6 reps)"
57,185,female,145,1,5,"Seated Rows, Bicep Curls, Squats, Tricep Dips, 4 sets (12-10-8-6 reps)"
49,153,male,176,4,1,"Seated Rows, Bicep Curls, Squats, Tricep Dips, 4 sets (12-10-8-6 reps)"
50,174,male,132,1,1,"Seated Rows, Bicep Curls, Squats, Tricep Dips, 4 sets (12-10-8-6 reps)"
40,179,male,75,1,4,"Seated Rows, Bicep Curls, Squats, Tricep Dips, 4 sets (12-10-8-6 reps)"
20,150,male,63,4,3,"Seated Rows, Bicep Curls, Squats, Tricep Dips, 4 sets (12-10-8-6 reps)"
24,162,female,145,2,1,"Seated Rows, Bicep Curls, Squats, Tricep Dips, 4 sets (12-10-8-6 reps)"
45,170,female,158,1,5,"Leg Extensions, Incline Press, Chest Flyes, Calf Raises, 3 sets (10-8-6 reps)"
38,156,female,56,1,2,"Leg Extensions, Incline Press, Chest Flyes, Calf Raises, 3 sets (10-8-6 reps)"
35,173,male,54,5,1,"Leg Extensions, Incline Press, Chest Flyes, Calf Raises, 3 sets (10-8-6 reps)"
41,156,male,137,4,1,"Leg Extensions, Incline Press, Chest Flyes, Calf Raises, 3 sets (10-8-6 reps)"
52,179,male,50,5,1,"Leg Extensions, Incline Press, Chest Flyes, Calf Raises, 3 sets (10-8-6 reps)"
45,179,male,52,4,1,"Leg Extensions, Incline Press, Chest Flyes, Calf Raises, 3 sets (10-8-6 reps)"
51,150,female,137,3,2,"Leg Extensions, Incline Press, Chest Flyes, Calf Raises, 3 sets (10-8-6 reps)"
32,178,male,146,3,3,"Leg Extensions, Incline Press, Chest Flyes, Calf Raises, 3 sets (10-8-6 reps)"
56,157,male,128,1,5,"Leg Extensions, Incline Press, Chest Flyes, Calf Raises, 3 sets (10-8-6 reps)"
46,181,male,67,5,5,"Leg Extensions, Incline Press, Chest Flyes, Calf Raises, 3 sets (10-8-6 reps)"
37,189,female,68,3,4,"Leg Extensions, Incline Press, Chest Flyes, Calf Raises, 3 sets (10-8-6 reps)"
50,163,female,171,5,3,"Leg Extensions, Incline Press, Chest Flyes, Calf Raises, 3 sets (10-8-6 reps)"
24,184,female,136,1,5,"Leg Extensions, Incline Press, Chest Flyes, Calf Raises, 3 sets (10-8-6 reps)"
37,178,male,128,5,3,"Leg Extensions, Incline Press, Chest Flyes, Calf Raises, 3 sets (10-8-6 reps)"
39,179,female,104,5,2,"Leg Extensions, Incline Press, Chest Flyes, Calf Raises, 3 sets (10-8-6 reps)"
50,164,female,85,5,4,"Leg Extensions, Incline Press, Chest Flyes, Calf Raises, 3 sets (10-8-6 reps)"
40,152,male,149,5,1,"Leg Extensions, Incline Press, Chest Flyes, Calf Raises, 3 sets (10-8-6 reps)"
22,152,male,172,3,1,"Leg Extensions, Incline Press, Chest Flyes, Calf Raises, 3 sets (10-8-6 reps)"
27,154,female,138,2,1,"Leg Extensions, Incline Press, Chest Flyes, Calf Raises, 3 sets (10-8-6 reps)"
50,176,male,46,1,4,"Leg Extensions, Incline Press, Chest Flyes, Calf Raises, 3 sets (10-8-6 reps)"
29,166,male,51,3,3,"Leg Extensions, Incline Press, Chest Flyes, Calf Raises, 3 sets (10-8-6 reps)"
29,166,male,83,4,5,"Leg Extensions, Incline Press, Chest Flyes, Calf Raises, 3 sets (10-8-6 reps)"
37,158,female,83,5,2,"Leg Extensions, Incline Press, Chest Flyes, Calf Raises, 3 sets (10-8-6 reps)"
25,187,male,63,4,3,"Leg Extensions, Incline Press, Chest Flyes, Calf Raises, 3 sets (10-8-6 reps)"
55,169,female,82,3,1,"Leg Extensions, Incline Press, Chest Flyes, Calf Raises, 3 sets (10-8-6 reps)"
47,185,female,167,2,2,"Leg Extensions, Incline Press, Chest Flyes, Calf Raises, 3 sets (10-8-6 reps)"
46,152,female,46,2,2,"Leg Extensions, Incline Press, Chest Flyes, Calf Raises, 3 sets (10-8-6 reps)"
39,169,male,46,4,5,"Leg Extensions, Incline Press, Chest Flyes, Calf Raises, 3 sets (10-8-6 reps)"
41,151,female,81,3,3,"Leg Extensions, Incline Press, Chest Flyes, Calf Raises, 3 sets (10-8-6 reps)"
55,155,male,81,5,2,"Leg Extensions, Incline Press, Chest Flyes, Calf Raises, 3 sets (10-8-6 reps)"
26,163,male,154,5,2,"Leg Extensions, Incline Press, Chest Flyes, Calf Raises, 3 sets (10-8-6 reps)"
54,151,female,72,1,1,"Leg Extensions, Incline Press, Chest Flyes, Calf Raises, 3 sets (10-8-6 reps)"
19,159,male,119,4,4,"Leg Extensions, Incline Press, Chest Flyes, Calf Raises, 3 sets (10-8-6 reps)"
46,164,male,168,3,2,"Leg Extensions, Incline Press, Chest Flyes, Calf Raises, 3 sets (10-8-6 reps)"
58,160,female,128,1,2,"Leg Extensions, Incline Press, Chest Flyes, Calf Raises, 3 sets (10-8-6 reps)"
57,151,female,70,2,1,"Leg Extensions, Incline Press, Chest Flyes, Calf Raises, 3 sets (10-8-6 reps)"
52,172,male,153,5,5,"Incline Press, Hammer Curls, Calf Raises, 3 sets (10-8-6 reps)"
59,175,female,41,1,3,"Incline Press, Hammer Curls, Calf Raises, 3 sets (10-8-6 reps)"
18,156,male,38,4,2,"Incline Press, Hammer Curls, Calf Raises, 3 sets (10-8-6 reps)"
50,168,male,70,2,3,"Incline Press, Hammer Curls, Calf Raises, 3 sets (10-8-6 reps)"
52,178,female,76,5,2,"Incline Press, Hammer Curls, Calf Raises, 3 sets (10-8-6 reps)"
18,168,male,96,5,4,"Incline Press, Hammer Curls, Calf Raises, 3 sets (10-8-6 reps)"
43,180,male,179,1,5,"Incline Press, Hammer Curls, Calf Raises, 3 sets (10-8-6 reps)"
58,156,male,84,4,1,"Incline Press, Hammer Curls, Calf Raises, 3 sets (10-8-6 reps)"
42,175,male,134,3,2,"Incline Press, Hammer Curls, Calf Raises, 3 sets (10-8-6 reps)"
28,158,female,72,1,3,"Incline Press, Hammer Curls, Calf Raises, 3 sets (10-8-6 reps)"
35,187,male,38,3,4,"Incline Press, Hammer Curls, Calf Raises, 3 sets (10-8-6 reps)"
39,167,male,86,5,4,"Incline Press, Hammer Curls, Calf Raises, 3 sets (10-8-6 reps)"
47,156,male,165,2,5,"Incline Press, Hammer Curls, Calf Raises, 3 sets (10-8-6 reps)"
26,155,female,117,1,2,"Incline Press, Hammer Curls, Calf Raises, 3 sets (10-8-6 reps)"
29,158,male,155,1,1,"Incline Press, Hammer Curls, Calf Raises, 3 sets (10-8-6 reps)"
25,172,female,83,2,1,"Incline Press, Hammer Curls, Calf Raises, 3 sets (10-8-6 reps)"
56,155,male,59,3,4,"Incline Press, Hammer Curls, Calf Raises, 3 sets (10-8-6 reps)"
40,183,male,30,2,3,"Incline Press, Hammer Curls, Calf Raises, 3 sets (10-8-6 reps)"
22,160,female,131,1,3,"Incline Press, Hammer Curls, Calf Raises, 3 sets (10-8-6 reps)"
54,152,female,128,4,3,"Incline Press, Hammer Curls, Calf Raises, 3 sets (10-8-6 reps)"
32,173,female,43,4,5,"Incline Press, Hammer Curls, Calf Raises, 3 sets (10-8-6 reps)"
22,179,female,111,3,1,"Incline Press, Hammer Curls, Calf Raises, 3 sets (10-8-6 reps)"
38,161,male,113,3,3,"Incline Press, Hammer Curls, Calf Raises, 3 sets (10-8-6 reps)"
20,174,male,140,5,5,"Incline Press, Hammer Curls, Calf Raises, 3 sets (10-8-6 reps)"
43,164,female,97,5,5,"Incline Press, Hammer Curls, Calf Raises, 3 sets (10-8-6 reps)"
32,154,male,83,1,4,"Incline Press, Hammer Curls, Calf Raises, 3 sets (10-8-6 reps)"
28,180,female,94,2,4,"Incline Press, Hammer Curls, Calf Raises, 3 sets (10-8-6 reps)"
19,187,female,122,1,4,"Incline Press, Hammer Curls, Calf Raises, 3 sets (10-8-6 reps)"
43,168,male,133,5,3,"Incline Press, Hammer Curls, Calf Raises, 3 sets (10-8-6 reps)"
37,174,male,130,5,4,"Incline Press, Hammer Curls, Calf Raises, 3 sets (10-8-6 reps)"
31,161,male,170,1,2,"Incline Press, Hammer Curls, Calf Raises, 3 sets (10-8-6 reps)"
18,170,female,51,3,1,"Incline Press, Hammer Curls, Calf Raises, 3 sets (10-8-6 reps)"
43,176,female,178,2,3,"Incline Press, Hammer Curls, Calf Raises, 3 sets (10-8-6 reps)"
59,184,male,135,4,2,"Incline Press, Hammer Curls, Calf Raises, 3 sets (10-8-6 reps)"
21,158,female,48,4,2,"Arnold Press, Hammer Curls, Face Pulls, 3 sets (10-8-6 reps)"
25,189,male,137,4,1,"Arnold Press, Hammer Curls, Face Pulls, 3 sets (10-8-6 reps)"
52,172,female,63,3,5,"Arnold Press, Hammer Curls, Face Pulls, 3 sets (10-8-6 reps)"
40,151,female,123,3,1,"Arnold Press, Hammer Curls, Face Pulls, 3 sets (10-8-6 reps)"
43,182,female,76,2,3,"Arnold Press, Hammer Curls, Face Pulls, 3 sets (10-8-6 reps)"
32,186,male,149,2,5,"Arnold Press, Hammer Curls, Face Pulls, 3 sets (10-8-6 reps)"
19,181,male,139,4,4,"Arnold Press, Hammer Curls, Face Pulls, 3 sets (10-8-6 reps)"
23,174,female,76,3,1,"Arnold Press, Hammer Curls, Face Pulls, 3 sets (10-8-6 reps)"
18,151,male,96,5,1,"Arnold Press, Hammer Curls, Face Pulls, 3 sets (10-8-6 reps)"
29,173,male,153,5,1,"Arnold Press, Hammer Curls, Face Pulls, 3 sets (10-8-6 reps)"
54,154,male,122,5,2,"Arnold Press, Hammer Curls, Face Pulls, 3 sets (10-8-6 reps)"
50,151,male,142,3,1,"Arnold Press, Hammer Curls, Face Pulls, 3 sets (10-8-6 reps)"
34,156,male,97,4,2,"Arnold Press, Hammer Curls, Face Pulls, 3 sets (10-8-6 reps)"
58,172,female,105,3,2,"Arnold Press, Hammer Curls, Face Pulls, 3 sets (10-8-6 reps)"
52,188,male,58,5,4,"Arnold Press, Hammer Curls, Face Pulls, 3 sets (10-8-6 reps)"
57,182,male,94,2,2,"Arnold Press, Hammer Curls, Face Pulls, 3 sets (10-8-6 reps)"
45,154,female,108,1,3,"Arnold Press, Hammer Curls, Face Pulls, 3 sets (10-8-6 reps)"
51,150,female,70,4,1,"Arnold Press, Hammer Curls, Face Pulls, 3 sets (10-8-6 reps)"
57,160,male,142,2,3,"Arnold Press, Hammer Curls, Face Pulls, 3 sets (10-8-6 reps)"
22,178,female,88,2,4,"Arnold Press, Hammer Curls, Face Pulls, 3 sets (10-8-6 reps)"
22,186,female,50,1,5,"Arnold Press, Hammer Curls, Face Pulls, 3 sets (10-8-6 reps)"
30,185,female,42,3,2,"Arnold Press, Hammer Curls, Face Pulls, 3 sets (10-8-6 reps)"
36,163,male,64,2,5,"Arnold Press, Hammer Curls, Face Pulls, 3 sets (10-8-6 reps)"
26,163,male,63,3,4,"Arnold Press, Hammer Curls, Face Pulls, 3 sets (10-8-6 reps)"
18,170,male,63,3,4,"Arnold Press, Hammer Curls, Face Pulls, 3 sets (10-8-6 reps)"
39,165,female,74,4,3,"Arnold Press, Hammer Curls, Face Pulls, 3 sets (10-8-6 reps)"
56,161,male,140,5,4,"Arnold Press, Hammer Curls, Face Pulls, 3 sets (10-8-6 reps)"
56,178,female,147,5,1,"Arnold Press, Hammer Curls, Face Pulls, 3 sets (10-8-6 reps)"
30,176,female,94,3,4,"Arnold Press, Hammer Curls, Face Pulls, 3 sets (10-8-6 reps)"
33,166,female,51,3,1,"Arnold Press, Hammer Curls, Face Pulls, 3 sets (10-8-6 reps)"
55,181,female,111,3,4,"Arnold Press, Hammer Curls, Face Pulls, 3 sets (10-8-6 reps)"
25,187,male,134,5,5,"Arnold Press, Hammer Curls, Face Pulls, 3 sets (10-8-6 reps)"
25,173,male,47,3,2,"Arnold Press, Hammer Curls, Face Pulls, 3 sets (10-8-6 reps)"
35,162,female,129,5,4,"Arnold Press, Hammer Curls, Face Pulls, 3 sets (10-8-6 reps)"
54,171,male,76,5,4,"Arnold Press, Hammer Curls, Face Pulls, 3 sets (10-8-6 reps)"
29,181,female,57,3,5,"Arnold Press, Hammer Curls, Face Pulls, 3 sets (10-8-6 reps)"
57,169,male,41,1,2,"Arnold Press, Hammer Curls, Face Pulls, 3 sets (10-8-6 reps)"
44,179,female,61,1,3,"Arnold Press, Hammer Curls, Face Pulls, 3 sets (10-8-6 reps)"
26,150,female,57,2,5,"Arnold Press, Hammer Curls, Face Pulls, 3 sets (10-8-6 reps)"
31,169,female,76,3,2,"Arnold Press, Hammer Curls, Face Pulls, 3 sets (10-8-6 reps)"
41,165,male,88,4,5,"Arnold Press, Hammer Curls, Face Pulls, 3 sets (10-8-6 reps)"
47,174,female,177,3,1,"Arnold Press, Hammer Curls, Face Pulls, 3 sets (10-8-6 reps)"
27,151,female,92,1,5,"Planks, Arnold Press, Push-Ups, Lunges, 4 sets (12-10-8-6 reps)"
28,150,male,160,2,2,"Planks, Arnold Press, Push-Ups, Lunges, 4 sets (12-10-8-6 reps)"
18,188,male,177,3,2,"Planks, Arnold Press, Push-Ups, Lunges, 4 sets (12-10-8-6 reps)"
20,159,male,157,3,5,"Planks, Arnold Press, Push-Ups, Lunges, 4 sets (12-10-8-6 reps)"
30,173,female,68,2,2,"Planks, Arnold Press, Push-Ups, Lunges, 4 sets (12-10-8-6 reps)"
44,178,male,100,2,5,"Planks, Arnold Press, Push-Ups, Lunges, 4 sets (12-10-8-6 reps)"
23,153,male,79,3,3,"Planks, Arnold Press, Push-Ups, Lunges, 4 sets (12-10-8-6 reps)"
50,159,female,121,3,2,"Planks, Arnold Press, Push-Ups, Lunges, 4 sets (12-10-8-6 reps)"
41,175,male,75,2,2,"Planks, Arnold Press, Push-Ups, Lunges, 4 sets (12-10-8-6 reps)"
38,168,male,70,4,4,"Planks, Arnold Press, Push-Ups, Lunges, 4 sets (12-10-8-6 reps)"
47,159,male,119,5,5,"Planks, Arnold Press, Push-Ups, Lunges, 4 sets (12-10-8-6 reps)"
19,153,male,173,4,2,"Planks, Arnold Press, Push-Ups, Lunges, 4 sets (12-10-8-6 reps)"
18,178,female,148,1,4,"Planks, Arnold Press, Push-Ups, Lunges, 4 sets (12-10-8-6 reps)"
31,179,female,59,3,2,"Planks, Arnold Press, Push-Ups, Lunges, 4 sets (12-10-8-6 reps)"
33,162,male,67,4,2,"Planks, Arnold Press, Push-Ups, Lunges, 4 sets (12-10-8-6 reps)"
18,167,female,35,5,2,"Planks, Arnold Press, Push-Ups, Lunges, 4 sets (12-10-8-6 reps)"
41,154,female,132,1,5,"Planks, Arnold Press, Push-Ups, Lunges, 4 sets (12-10-8-6 reps)"
52,189,female,168,2,5,"Planks, Arnold Press, Push-Ups, Lunges, 4 sets (12-10-8-6 reps)"
54,182,male,111,3,4,"Planks, Arnold Press, Push-Ups, Lunges, 4 sets (12-10-8-6 reps)"
21,151,female,41,3,5,"Planks, Arnold Press, Push-Ups, Lunges, 4 sets (12-10-8-6 reps)"
42,164,female,142,2,3,"Planks, Arnold Press, Push-Ups, Lunges, 4 sets (12-10-8-6 reps)"
26,162,male,162,2,4,"Planks, Arnold Press, Push-Ups, Lunges, 4 sets (12-10-8-6 reps)"
35,188,male,89,2,4,"Planks, Arnold Press, Push-Ups, Lunges, 4 sets (12-10-8-6 reps)"
35,169,male,103,1,4,"Planks, Arnold Press, Push-Ups, Lunges, 4 sets (12-10-8-6 reps)"
21,167,male,41,2,3,"Planks, Arnold Press, Push-Ups, Lunges, 4 sets (12-10-8-6 reps)"
21,174,female,155,4,1,"Planks, Arnold Press, Push-Ups, Lunges, 4 sets (12-10-8-6 reps)"
46,151,female,104,4,2,"Planks, Arnold Press, Push-Ups, Lunges, 4 sets (12-10-8-6 reps)"
18,159,male,133,1,4,"Planks, Arnold Press, Push-Ups, Lunges, 4 sets (12-10-8-6 reps)"
40,150,female,34,3,1,"Planks, Arnold Press, Push-Ups, Lunges, 4 sets (12-10-8-6 reps)"
50,189,female,47,5,2,"Planks, Arnold Press, Push-Ups, Lunges, 4 sets (12-10-8-6 reps)"
39,161,male,48,2,5,"Planks, Arnold Press, Push-Ups, Lunges, 4 sets (12-10-8-6 reps)"
48,180,male,58,4,3,"Planks, Arnold Press, Push-Ups, Lunges, 4 sets (12-10-8-6 reps)"
48,175,female,46,4,4,"Planks, Arnold Press, Push-Ups, Lunges, 4 sets (12-10-8-6 reps)"
37,158,male,125,5,4,"Planks, Arnold Press, Push-Ups, Lunges, 4 sets (12-10-8-6 reps)"
46,154,male,141,2,1,"Planks, Arnold Press, Push-Ups, Lunges, 4 sets (12-10-8-6 reps)"
19,170,female,107,1,5,"Leg Press, Russian Twists, Face Pulls, 3 sets (10-8-6 reps)"
50,168,male,48,2,3,"Leg Press, Russian Twists, Face Pulls, 3 sets (10-8-6 reps)"
26,152,female,149,4,5,"Leg Press, Russian Twists, Face Pulls, 3 sets (10-8-6 reps)"
46,161,female,134,2,1,"Leg Press, Russian Twists, Face Pulls, 3 sets (10-8-6 reps)"
25,180,male,170,5,5,"Leg Press, Russian Twists, Face Pulls, 3 sets (10-8-6 reps)"
34,172,male,168,3,2,"Leg Press, Russian Twists, Face Pulls, 3 sets (10-8-6 reps)"
50,186,female,106,5,5,"Leg Press, Russian Twists, Face Pulls, 3 sets (10-8-6 reps)"
29,165,female,156,2,4,"Leg Press, Russian Twists, Face Pulls, 3 sets (10-8-6 reps)"
25,161,female,105,2,4,"Leg Press, Russian Twists, Face Pulls, 3 sets (10-8-6 reps)"
19,174,female,31,1,4,"Leg Press, Russian Twists, Face Pulls, 3 sets (10-8-6 reps)"
40,188,male,127,5,1,"Leg Press, Russian Twists, Face Pulls, 3 sets (10-8-6 reps)"
21,186,female,48,1,2,"Leg Press, Russian Twists, Face Pulls, 3 sets (10-8-6 reps)"
49,184,male,136,2,5,"Leg Press, Russian Twists, Face Pulls, 3 sets (10-8-6 reps)"
56,173,female,154,2,5,"Leg Press, Russian Twists, Face Pulls, 3 sets (10-8-6 reps)"
39,181,male,59,5,2,"Leg Press, Russian Twists, Face Pulls, 3 sets (10-8-6 reps)"
31,183,male,47,2,2,"Leg Press, Russian Twists, Face Pulls, 3 sets (10-8-6 reps)"
49,181,female,53,3,2,"Leg Press, Russian Twists, Face Pulls, 3 sets (10-8-6 reps)"
20,173,female,48,5,1,"Leg Press, Russian Twists, Face Pulls, 3 sets (10-8-6 reps)"
19,176,male,93,4,5,"Leg Press, Russian Twists, Face Pulls, 3 sets (10-8-6 reps)"
51,180,male,34,3,1,"Leg Press, Russian Twists, Face Pulls, 3 sets (10-8-6 reps)"
41,166,female,131,3,4,"Leg Press, Russian Twists, Face Pulls, 3 sets (10-8-6 reps)"
29,181,female,145,4,5,"Leg Press, Russian Twists, Face Pulls, 3 sets (10-8-6 reps)"
36,153,male,60,4,3,"Leg Press, Russian Twists, Face Pulls, 3 sets (10-8-6 reps)"
48,172,male,65,3,4,"Leg Press, Russian Twists, Face Pulls, 3 sets (10-8-6 reps)"
59,151,female,38,1,3,"Leg Press, Russian Twists, Face Pulls, 3 sets (10-8-6 reps)"
49,167,female,41,2,1,"Leg Press, Russian Twists, Face Pulls, 3 sets (10-8-6 reps)"
41,174,male,156,3,3,"Leg Press, Russian Twists, Face Pulls, 3 sets (10-8-6 reps)"
23,182,male,166,4,3,"Leg Press, Russian Twists, Face Pulls, 3 sets (10-8-6 reps)"
52,180,female,123,5,2,"Leg Press, Russian Twists, Face Pulls, 3 sets (10-8-6 reps)"
34,160,male,42,1,1,"Leg Press, Russian Twists, Face Pulls, 3 sets (10-8-6 reps)"
47,157,male,88,1,5,"Leg Press, Russian Twists, Face Pulls, 3 sets (10-8-6 reps)"
23,175,male,130,1,2,"Leg Press, Russian Twists, Face Pulls, 3 sets (10-8-6 reps)"
23,183,female,113,5,3,"Leg Press, Russian Twists, Face Pulls, 3 sets (10-8-6 reps)"
20,174,female,122,1,3,"Leg Press, Russian Twists, Face Pulls, 3 sets (10-8-6 reps)"
40,175,female,123,4,1,"Leg Press, Russian Twists, Face Pulls, 3 sets (10-8-6 reps)"
51,185,female,134,5,4,"Leg Press, Russian Twists, Face Pulls, 3 sets (10-8-6 reps)"
38,171,female,138,4,5,"Leg Press, Russian Twists, Face Pulls, 3 sets (10-8-6 reps)"
25,184,male,155,2,4,"Leg Press, Russian Twists, Face Pulls, 3 sets (10-8-6 reps)"
